ms,raw_p,flt_p,sp_raw,sp_flt,sp_recipe,sp_ctrl,sp_flt_d,ctrl_out,pump_duty,pump_flow,coffee_flow,u_raw,u_applied,u_delta,limiter_active_up,limiter_active_down,error_integral,u_unclamped_raw,u_clamped_raw,u_clamp_delta,clamp_active_high,clamp_active_low,u_fb,u_ff_hold,u_ff_dyn,u_ff_dyn_raw,ff_pressure_w,ff_above_w,ff_gamma,u_ff_total,ramp_hold_active,drop_rate_active,mpc_shadow_enabled,mpc_u_shadow,mpc_u_ss,mpc_u_trim,mpc_p1_pred,mpc_pn_pred,mpc_qout_est,mpc_residual,mpc_cost,power_cmd,power_psm_quantized,power_quant_residual
164631,0.040,0.039,1.100,0.108,1.100,0.108,3.297,5.70,0.1683,0.084,0.000,16.83,5.70,11.13,1,0,0.00000,16.83,16.83,0.00,0,0,16.83,0.00,0.00,0.00,0.00,1.000,1.000,0.00,1,60.00,1,16.23,15.56,0.67,0.097,0.382,0.084,0.000,1.839,5.70,6,-0.3000
164731,0.043,0.041,1.100,0.337,1.100,0.337,3.735,17.10,0.2001,0.475,0.000,20.01,17.10,2.91,1,0,0.00000,20.01,20.01,0.00,0,0,20.01,0.00,0.00,0.00,0.00,1.000,1.000,0.00,1,60.00,1,26.69,24.73,1.96,0.129,0.559,0.473,-0.077,2.410,17.10,17,0.2000
164860,0.046,0.044,1.100,0.602,1.100,0.602,2.552,22.69,0.2269,1.251,0.000,22.69,22.69,0.00,0,0,-0.04314,22.69,22.69,0.00,0,0,22.69,0.00,0.00,0.00,0.00,1.000,1.000,0.00,1,60.00,1,29.08,25.68,3.40,0.124,0.514,1.244,-0.083,2.902,22.69,23,-0.1612
164987,0.050,0.048,1.100,0.776,1.100,0.776,1.664,24.65,0.2465,1.929,0.000,24.65,24.65,0.00,0,0,-0.10414,24.65,24.65,0.00,0,0,24.65,0.00,0.00,0.00,0.00,1.000,1.000,0.00,1,60.00,1,29.70,25.34,4.36,0.116,0.446,1.916,-0.069,3.786,24.65,25,-0.0255
165119,0.052,0.050,1.100,0.889,1.100,0.889,1.083,26.18,0.2618,2.513,0.000,26.18,26.18,0.00,0,0,-0.17661,26.18,26.18,0.00,0,0,26.18,0.00,0.00,0.00,0.00,1.000,1.000,0.00,1,60.00,1,30.60,25.61,4.98,0.109,0.395,2.493,-0.060,4.567,26.18,26,0.0463
165247,0.048,0.049,1.100,0.963,1.100,0.963,0.704,27.47,0.2747,3.014,0.000,27.47,27.47,0.00,0,0,-0.25683,27.47,27.47,0.00,0,0,27.47,0.00,0.00,0.00,0.00,1.000,1.000,0.00,1,60.00,1,31.30,26.30,5.00,0.099,0.346,2.993,-0.053,5.270,27.47,27,0.2042
165377,0.046,0.048,1.100,1.011,1.100,1.011,0.458,28.57,0.2857,3.443,0.000,28.57,28.57,0.00,0,0,-0.34213,28.57,28.57,0.00,0,0,28.57,0.00,0.00,0.00,0.00,1.000,1.000,0.00,1,60.00,1,32.20,27.20,5.00,0.092,0.309,3.425,-0.048,5.815,28.57,29,-0.1764
165502,0.046,0.047,1.100,1.042,1.100,1.042,0.298,29.55,0.2955,3.812,0.000,29.55,29.55,0.00,0,0,-0.43082,29.55,29.55,0.00,0,0,29.55,0.00,0.00,0.00,0.00,1.000,1.000,0.00,1,60.00,1,33.19,28.19,5.00,0.087,0.282,3.799,-0.043,6.229,29.55,30,-0.4866
165631,0.045,0.046,1.100,1.062,1.100,1.062,0.194,30.46,0.3046,4.131,0.000,30.46,30.46,0.00,0,0,-0.52173,30.46,30.46,0.00,0,0,30.46,0.00,0.00,0.00,0.00,1.000,1.000,0.00,0,255.00,1,34.21,29.21,5.00,0.083,0.263,4.123,-0.039,6.538,30.46,30,0.0070
165758,0.059,0.054,1.100,1.075,1.100,1.075,0.126,31.25,0.3125,4.408,0.000,31.25,31.25,0.00,0,0,-0.61374,31.25,31.25,0.00,0,0,31.25,0.00,0.00,0.00,0.00,1.000,1.000,0.00,0,255.00,1,35.17,30.17,5.00,0.088,0.256,4.398,-0.030,6.649,31.25,31,0.0265
165896,0.151,0.139,1.100,1.086,1.100,1.086,0.071,31.57,0.3157,4.695,0.000,31.57,31.57,0.00,0,0,-0.73094,31.57,31.57,0.00,0,0,31.57,0.00,0.00,0.00,0.00,1.000,1.000,0.00,0,255.00,1,35.63,30.63,5.00,0.170,0.324,4.572,-0.019,5.704,31.57,32,-0.0888
166024,0.487,0.359,1.100,1.091,1.100,1.091,0.046,29.84,0.2984,4.812,0.000,29.84,29.84,0.00,0,0,-0.80637,29.84,29.84,0.00,0,0,29.84,0.00,0.00,0.00,0.00,1.000,1.000,0.00,0,255.00,1,33.54,29.20,4.34,0.384,0.507,4.439,0.110,3.412,29.84,29,0.4883
166157,1.014,0.894,1.100,1.094,1.100,1.094,0.030,14.79,0.1479,4.459,0.000,14.79,14.79,0.00,0,0,-0.83894,14.79,14.79,0.00,0,0,14.79,0.00,0.00,0.00,0.00,1.000,1.000,0.00,0,255.00,1,19.49,18.21,1.28,0.886,0.847,3.504,0.129,0.713,14.79,15,-0.2972
166286,0.717,0.795,1.100,1.096,1.100,1.096,0.020,19.52,0.1952,4.031,0.000,19.52,19.52,0.00,0,0,-0.85971,19.52,19.52,0.00,0,0,19.52,0.00,0.00,0.00,0.00,1.000,1.000,0.00,0,255.00,1,20.51,18.73,1.78,0.806,0.863,2.785,-0.086,0.544,19.52,19,0.4488
166415,0.479,0.522,1.100,1.098,1.100,1.098,0.013,28.05,0.2805,4.114,0.000,28.05,28.05,0.00,0,0,-0.90616,28.05,28.05,0.00,0,0,28.05,0.00,0.00,0.00,0.00,1.000,1.000,0.00,0,255.00,1,27.87,24.53,3.34,0.553,0.702,3.183,-0.076,1.665,28.05,28,0.0124
166541,0.813,0.730,1.100,1.098,1.100,1.098,0.008,22.78,0.2278,4.118,0.000,22.78,22.78,0.00,0,0,-0.94765,22.78,22.78,0.00,0,0,22.78,0.00,0.00,0.00,0.00,1.000,1.000,0.00,0,255.00,1,24.10,21.93,2.18,0.743,0.809,3.295,0.071,0.818,22.78,23,0.0999
166674,0.891,0.883,1.100,1.099,1.100,1.099,0.005,16.66,0.1666,3.818,0.000,16.66,16.66,0.00,0,0,-0.96946,16.66,16.66,0.00,0,0,16.66,0.00,0.00,0.00,0.00,1.000,1.000,0.00,0,255.00,1,18.48,17.18,1.31,0.886,0.903,2.813,0.007,0.370,16.66,16,0.4222
166802,0.643,0.707,1.100,1.099,1.100,1.099,0.004,24.01,0.2401,3.747,0.000,24.01,24.01,0.00,0,0,-0.99901,24.01,24.01,0.00,0,0,24.01,0.00,0.00,0.00,0.00,1.000,1.000,0.00,0,255.00,1,23.76,21.48,2.28,0.728,0.830,2.906,-0.086,0.771,24.01,24,0.0176
166932,0.768,0.721,1.100,1.100,1.100,1.100,0.002,23.87,0.2387,3.817,0.000,23.87,23.87,0.00,0,0,-1.03596,23.87,23.87,0.00,0,0,23.87,0.00,0.00,0.00,0.00,1.000,1.000,0.00,0,255.00,1,24.54,22.32,2.22,0.737,0.818,3.231,0.031,0.792,23.87,23,0.4047
167058,0.945,0.904,1.100,1.100,1.100,1.100,0.001,16.39,0.1639,3.627,0.000,16.39,16.39,0.00,0,0,-1.05852,16.39,16.39,0.00,0,0,16.39,0.00,0.00,0.00,0.00,1.000,1.000,0.00,0,255.00,1,18.64,17.45,1.19,0.905,0.908,2.965,0.041,0.358,16.39,16,-0.0899
167187,0.816,0.850,1.100,1.100,1.100,1.100,0.001,19.13,0.1913,3.438,0.000,19.13,19.13,0.00,0,0,-1.07799,19.13,19.13,0.00,0,0,19.13,0.00,0.00,0.00,0.00,1.000,1.000,0.00,0,255.00,1,19.90,18.42,1.48,0.859,0.904,2.778,-0.042,0.370,19.13,19,0.3692
167315,0.786,0.779,1.100,1.100,1.100,1.100,0.001,22.33,0.2233,3.475,0.000,22.33,22.33,0.00,0,0,-1.10659,22.33,22.33,0.00,0,0,22.33,0.00,0.00,0.00,0.00,1.000,1.000,0.00,0,255.00,1,22.75,20.88,1.88,0.794,0.864,3.023,-0.009,0.558,22.33,23,-0.2193
167447,0.943,0.906,1.100,1.100,1.100,1.100,0.000,16.90,0.1690,3.372,0.000,16.90,16.90,0.00,0,0,-1.12821,16.90,16.90,0.00,0,0,16.90,0.00,0.00,0.00,0.00,1.000,1.000,0.00,0,255.00,1,18.80,17.62,1.17,0.908,0.918,2.928,0.035,0.319,16.90,17,-0.2410
167576,0.905,0.915,1.100,1.100,1.100,1.100,0.000,16.59,0.1659,3.184,0.000,16.59,16.59,0.00,0,0,-1.14394,16.59,16.59,0.00,0,0,16.59,0.00,0.00,0.00,0.00,1.000,1.000,0.00,0,255.00,1,17.92,16.81,1.11,0.919,0.937,2.704,-0.014,0.251,16.59,17,-0.0695
167705,0.825,0.840,1.100,1.100,1.100,1.100,0.000,20.31,0.2031,3.174,0.000,20.31,20.31,0.00,0,0,-1.16571,20.31,20.31,0.00,0,0,20.31,0.00,0.00,0.00,0.00,1.000,1.000,0.00,0,255.00,1,20.73,19.20,1.52,0.851,0.906,2.825,-0.027,0.373,20.31,20,0.2181
167832,0.947,0.916,1.100,1.100,1.100,1.100,0.000,16.91,0.1691,3.122,0.000,16.91,16.91,0.00,0,0,-1.18525,16.91,16.91,0.00,0,0,16.91,0.00,0.00,0.00,0.00,1.000,1.000,0.00,0,255.00,1,18.41,17.30,1.11,0.919,0.934,2.815,0.027,0.263,16.91,17,-0.4647
167963,0.938,0.945,1.100,1.100,1.100,1.100,0.000,15.59,0.1559,2.971,0.000,15.59,15.59,0.00,0,0,-1.19916,15.59,15.59,0.00,0,0,15.59,0.00,0.00,0.00,0.00,1.000,1.000,0.00,0,255.00,1,16.99,16.05,0.94,0.947,0.956,2.629,-0.008,0.197,15.59,15,0.0998
168094,0.893,0.898,1.100,1.100,1.100,1.100,0.000,18.04,0.1804,2.931,0.000,18.04,18.04,0.00,0,0,-1.21625,18.04,18.04,0.00,0,0,18.04,0.00,0.00,0.00,0.00,1.000,1.000,0.00,0,255.00,1,18.68,17.49,1.19,0.906,0.942,2.662,-0.012,0.242,18.04,18,0.3334
168225,0.947,0.931,1.100,1.100,1.100,1.100,0.000,16.56,0.1656,2.896,0.000,16.56,16.56,0.00,0,0,-1.23301,16.56,16.56,0.00,0,0,16.56,0.00,0.00,0.00,0.00,1.000,1.000,0.00,0,255.00,1,17.72,16.71,1.01,0.935,0.953,2.672,0.012,0.206,16.56,16,0.4914
168351,0.952,0.956,1.100,1.100,1.100,1.100,0.000,15.41,0.1541,2.792,0.000,15.41,15.41,0.00,0,0,-1.24590,15.41,15.41,0.00,0,0,15.41,0.00,0.00,0.00,0.00,1.000,1.000,0.00,0,255.00,1,16.59,15.72,0.87,0.958,0.970,2.550,-0.006,0.162,15.41,16,-0.4946
168490,0.930,0.930,1.100,1.100,1.100,1.100,0.000,16.88,0.1688,2.759,0.000,16.88,16.88,0.00,0,0,-1.26070,16.88,16.88,0.00,0,0,16.88,0.00,0.00,0.00,0.00,1.000,1.000,0.00,0,255.00,1,17.59,16.58,1.01,0.935,0.962,2.567,-0.005,0.182,16.88,17,0.1125
168617,0.952,0.945,1.100,1.100,1.100,1.100,0.000,16.24,0.1624,2.737,0.000,16.24,16.24,0.00,0,0,-1.27550,16.24,16.24,0.00,0,0,16.24,0.00,0.00,0.00,0.00,1.000,1.000,0.00,0,255.00,1,17.19,16.27,0.93,0.949,0.967,2.581,0.004,0.168,16.24,16,0.1135
168749,0.951,0.956,1.100,1.100,1.100,1.100,0.000,15.77,0.1577,2.681,0.000,15.77,15.77,0.00,0,0,-1.28827,15.77,15.77,0.00,0,0,15.77,0.00,0.00,0.00,0.00,1.000,1.000,0.00,0,255.00,1,16.72,15.86,0.86,0.959,0.975,2.525,-0.008,0.148,15.77,16,0.0030
168880,0.957,0.954,1.100,1.100,1.100,1.100,0.000,16.01,0.1601,2.650,0.000,16.01,16.01,0.00,0,0,-1.30134,16.01,16.01,0.00,0,0,16.01,0.00,0.00,0.00,0.00,1.000,1.000,0.00,0,255.00,1,16.83,15.96,0.87,0.957,0.976,2.515,-0.000,0.145,16.01,16,-0.2550
169012,0.961,0.957,1.100,1.100,1.100,1.100,0.000,15.95,0.1595,2.632,0.000,15.95,15.95,0.00,0,0,-1.31451,15.95,15.95,0.00,0,0,15.95,0.00,0.00,0.00,0.00,1.000,1.000,0.00,0,255.00,1,16.79,15.94,0.85,0.961,0.978,2.520,0.000,0.141,15.95,16,0.0082
169140,0.955,0.958,1.100,1.100,1.100,1.100,0.000,16.00,0.1600,2.614,0.000,16.00,16.00,0.00,0,0,-1.32731,16.00,16.00,0.00,0,0,16.00,0.00,0.00,0.00,0.00,1.000,1.000,0.00,0,255.00,1,16.80,15.96,0.85,0.962,0.980,2.517,-0.006,0.137,16.00,16,-0.0455
169275,0.960,0.960,1.100,1.100,1.100,1.100,0.000,16.08,0.1608,2.595,0.000,16.08,16.08,0.00,0,0,-1.34825,16.08,16.08,0.00,0,0,16.08,0.00,0.00,0.00,0.00,1.000,1.000,0.00,0,255.00,1,16.84,16.01,0.83,0.964,0.982,2.520,-0.004,0.132,16.08,16,-0.0961
169402,0.975,0.968,1.100,1.100,1.100,1.100,0.000,15.84,0.1584,2.586,0.000,15.84,15.84,0.00,0,0,-1.36891,15.84,15.84,0.00,0,0,15.84,0.00,0.00,0.00,0.00,1.000,1.000,0.00,0,255.00,1,16.69,15.90,0.79,0.971,0.986,2.527,0.004,0.123,15.84,16,0.2775
169532,0.966,0.969,1.100,1.100,1.100,1.100,0.000,15.89,0.1589,2.574,0.000,15.89,15.89,0.00,0,0,-1.38073,15.89,15.89,0.00,0,0,15.89,0.00,0.00,0.00,0.00,1.000,1.000,0.00,0,255.00,1,16.68,15.90,0.78,0.972,0.988,2.517,-0.006,0.119,15.89,16,-0.0951
169660,0.964,0.967,1.100,1.100,1.100,1.100,0.000,16.08,0.1608,2.570,0.000,16.08,16.08,0.00,0,0,-1.39255,16.08,16.08,0.00,0,0,16.08,0.00,0.00,0.00,0.00,1.000,1.000,0.00,0,255.00,1,16.80,16.01,0.79,0.971,0.989,2.519,-0.007,0.118,16.08,16,-0.1459
169796,0.971,0.972,1.100,1.100,1.100,1.100,0.000,15.94,0.1594,2.562,0.000,15.94,15.94,0.00,0,0,-1.40399,15.94,15.94,0.00,0,0,15.94,0.00,0.00,0.00,0.00,1.000,1.000,0.00,0,255.00,1,16.68,15.91,0.76,0.975,0.991,2.513,-0.004,0.112,15.94,16,0.4348
169922,0.983,0.980,1.100,1.100,1.100,1.100,0.000,15.64,0.1564,2.551,0.000,15.64,15.64,0.00,0,0,-1.41506,15.64,15.64,0.00,0,0,15.64,0.00,0.00,0.00,0.00,1.000,1.000,0.00,0,255.00,1,16.43,15.71,0.72,0.982,0.995,2.500,0.001,0.104,15.64,16,-0.3456
170055,0.978,0.979,1.100,1.100,1.100,1.100,0.000,15.75,0.1575,2.543,0.000,15.75,15.75,0.00,0,0,-1.42601,15.75,15.75,0.00,0,0,15.75,0.00,0.00,0.00,0.00,1.000,1.000,0.00,0,255.00,1,16.47,15.75,0.72,0.982,0.997,2.495,-0.004,0.101,15.75,16,-0.0394
170187,0.970,0.975,1.100,1.100,1.100,1.100,0.000,16.05,0.1605,2.538,0.000,16.05,16.05,0.00,0,0,-1.43683,16.05,16.05,0.00,0,0,16.05,0.00,0.00,0.00,0.00,1.000,1.000,0.00,0,255.00,1,16.66,15.92,0.74,0.979,0.997,2.495,-0.009,0.102,16.05,16,0.3027
170319,0.991,0.984,1.100,1.100,1.100,1.100,0.000,15.68,0.1568,2.536,0.000,15.68,15.68,0.00,0,0,-1.44759,15.68,15.68,0.00,0,0,15.68,0.00,0.00,0.00,0.00,1.000,1.000,0.00,0,255.00,1,16.42,15.72,0.69,0.987,1.000,2.497,0.004,0.095,15.68,16,-0.1677
170444,0.990,0.988,1.100,1.100,1.100,1.100,0.000,15.54,0.1554,2.526,0.000,15.54,15.54,0.00,0,0,-1.45781,15.54,15.54,0.00,0,0,15.54,0.00,0.00,0.00,0.00,1.000,1.000,0.00,0,255.00,1,16.27,15.61,0.67,0.991,1.003,2.483,-0.001,0.089,15.54,16,-0.3237
170578,0.983,0.984,1.100,1.100,1.100,1.100,0.000,15.84,0.1584,2.525,0.000,15.84,15.84,0.00,0,0,-1.46817,15.84,15.84,0.00,0,0,15.84,0.00,0.00,0.00,0.00,1.000,1.000,0.00,0,255.00,1,16.47,15.78,0.69,0.988,1.003,2.487,-0.005,0.090,15.84,16,0.0386
170709,0.980,0.983,1.100,1.100,1.100,1.100,0.000,16.02,0.1602,2.530,0.000,16.02,16.02,0.00,0,0,-1.47864,16.02,16.02,0.00,0,0,16.02,0.00,0.00,0.00,0.00,1.000,1.000,0.00,0,255.00,1,16.62,15.92,0.70,0.986,1.002,2.500,-0.006,0.091,16.02,16,-0.1380
170841,0.996,0.991,1.100,1.100,1.100,1.100,0.000,15.69,0.1569,2.529,0.000,15.69,15.69,0.00,0,0,-1.48876,15.69,15.69,0.00,0,0,15.69,0.00,0.00,0.00,0.00,1.000,1.000,0.00,0,255.00,1,16.39,15.73,0.65,0.993,1.006,2.499,0.002,0.085,15.69,15,0.3236
170966,0.998,0.993,1.100,1.100,1.100,1.100,0.000,15.63,0.1563,2.528,0.000,15.63,15.63,0.00,0,0,-1.49873,15.63,15.63,0.00,0,0,15.63,0.00,0.00,0.00,0.00,1.000,1.000,0.00,0,255.00,1,16.33,15.70,0.64,0.996,1.007,2.498,0.003,0.081,15.63,16,-0.2079
171103,0.978,0.984,1.100,1.100,1.100,1.100,0.000,16.21,0.1621,2.532,0.000,16.21,16.21,0.00,0,0,-1.50878,16.21,16.21,0.00,0,0,16.21,0.00,0.00,0.00,0.00,1.000,1.000,0.00,0,255.00,1,16.74,16.05,0.69,0.988,1.005,2.509,-0.009,0.086,16.21,17,-0.3578
171231,0.988,0.988,1.100,1.100,1.100,1.100,0.000,16.10,0.1610,2.542,0.000,16.10,16.10,0.00,0,0,-1.52221,16.10,16.10,0.00,0,0,16.10,0.00,0.00,0.00,0.00,1.000,1.000,0.00,0,255.00,1,16.70,16.03,0.67,0.991,1.006,2.525,-0.003,0.083,16.10,16,-0.0864
171363,1.012,1.004,1.100,1.100,1.100,1.100,0.000,15.37,0.1537,2.531,0.000,15.37,15.37,0.00,0,0,-1.53141,15.37,15.37,0.00,0,0,15.37,0.00,0.00,0.00,0.00,1.000,1.000,0.00,0,255.00,1,16.15,15.56,0.58,1.005,1.013,2.502,0.007,0.072,15.37,15,-0.1205
171492,0.998,0.999,1.100,1.100,1.100,1.100,0.000,15.68,0.1568,2.523,0.000,15.68,15.68,0.00,0,0,-1.54048,15.68,15.68,0.00,0,0,15.68,0.00,0.00,0.00,0.00,1.000,1.000,0.00,0,255.00,1,16.30,15.70,0.60,1.002,1.013,2.490,-0.004,0.071,15.68,16,-0.1536
171626,0.986,0.990,1.100,1.100,1.100,1.100,0.000,16.27,0.1627,2.535,0.000,16.27,16.27,0.00,0,0,-1.55020,16.27,16.27,0.00,0,0,16.27,0.00,0.00,0.00,0.00,1.000,1.000,0.00,0,255.00,1,16.75,16.09,0.65,0.993,1.010,2.514,-0.008,0.077,16.27,16,0.1935
171752,1.009,1.004,1.100,1.100,1.100,1.100,0.000,15.59,0.1559,2.530,0.000,15.59,15.59,0.00,0,0,-1.55917,15.59,15.59,0.00,0,0,15.59,0.00,0.00,0.00,0.00,1.000,1.000,0.00,0,255.00,1,16.27,15.69,0.58,1.006,1.015,2.503,0.003,0.068,15.59,15,0.4630
171888,1.005,1.004,1.100,1.100,1.100,1.100,0.000,15.68,0.1568,2.523,0.000,15.68,15.68,0.00,0,0,-1.56790,15.68,15.68,0.00,0,0,15.68,0.00,0.00,0.00,0.00,1.000,1.000,0.00,0,255.00,1,16.29,15.71,0.58,1.006,1.017,2.493,-0.001,0.065,15.68,16,-0.4675
172020,0.994,0.997,1.100,1.100,1.100,1.100,0.000,16.10,0.1610,2.531,0.000,16.10,16.10,0.00,0,0,-1.57706,16.10,16.10,0.00,0,0,16.10,0.00,0.00,0.00,0.00,1.000,1.000,0.00,0,255.00,1,16.60,15.99,0.61,1.000,1.015,2.509,-0.006,0.069,16.10,17,-0.4012
172148,1.000,1.002,1.100,1.100,1.100,1.100,0.000,15.91,0.1591,2.534,0.000,15.91,15.91,0.00,0,0,-1.58599,15.91,15.91,0.00,0,0,15.91,0.00,0.00,0.00,0.00,1.000,1.000,0.00,0,255.00,1,16.48,15.90,0.58,1.005,1.017,2.514,-0.004,0.066,15.91,16,-0.4958
172276,1.009,1.006,1.100,1.100,1.100,1.100,0.000,15.76,0.1576,2.530,0.000,15.76,15.76,0.00,0,0,-1.59449,15.76,15.76,0.00,0,0,15.76,0.00,0.00,0.00,0.00,1.000,1.000,0.00,0,255.00,1,16.35,15.79,0.56,1.009,1.019,2.506,0.001,0.062,15.76,16,-0.1508
172404,1.013,1.006,1.100,1.100,1.100,1.100,0.000,15.87,0.1587,2.539,0.000,15.87,15.87,0.00,0,0,-1.60341,15.87,15.87,0.00,0,0,15.87,0.00,0.00,0.00,0.00,1.000,1.000,0.00,0,255.00,1,16.46,15.89,0.56,1.008,1.019,2.521,0.005,0.062,15.87,16,0.1735
172532,0.999,1.005,1.100,1.100,1.100,1.100,0.000,16.02,0.1602,2.536,0.000,16.02,16.02,0.00,0,0,-1.61455,16.02,16.02,0.00,0,0,16.02,0.00,0.00,0.00,0.00,1.000,1.000,0.00,0,255.00,1,16.52,15.96,0.57,1.007,1.020,2.514,-0.008,0.060,16.02,16,-0.3791
172658,1.002,1.004,1.100,1.100,1.100,1.100,0.000,16.15,0.1615,2.542,0.000,16.15,16.15,0.00,0,0,-1.62310,16.15,16.15,0.00,0,0,16.15,0.00,0.00,0.00,0.00,1.000,1.000,0.00,0,255.00,1,16.64,16.06,0.57,1.006,1.020,2.525,-0.004,0.061,16.15,16,-0.2028
172791,1.013,1.012,1.100,1.100,1.100,1.100,0.000,15.80,0.1580,2.537,0.000,15.80,15.80,0.00,0,0,-1.63112,15.80,15.80,0.00,0,0,15.80,0.00,0.00,0.00,0.00,1.000,1.000,0.00,0,255.00,1,16.37,15.84,0.53,1.014,1.024,2.515,-0.001,0.055,15.80,16,0.2548
172925,1.016,1.012,1.100,1.100,1.100,1.100,0.000,15.85,0.1585,2.539,0.000,15.85,15.85,0.00,0,0,-1.63931,15.85,15.85,0.00,0,0,15.85,0.00,0.00,0.00,0.00,1.000,1.000,0.00,0,255.00,1,16.41,15.88,0.53,1.014,1.024,2.519,0.002,0.055,15.85,16,0.2140
173058,1.005,1.008,1.100,1.100,1.100,1.100,0.000,16.12,0.1612,2.543,0.000,16.12,16.12,0.00,0,0,-1.64744,16.12,16.12,0.00,0,0,16.12,0.00,0.00,0.00,0.00,1.000,1.000,0.00,0,255.00,1,16.59,16.04,0.55,1.011,1.023,2.525,-0.006,0.056,16.12,16,0.2752
173189,1.011,1.013,1.100,1.100,1.100,1.100,0.000,15.92,0.1592,2.537,0.000,15.92,15.92,0.00,0,0,-1.65507,15.92,15.92,0.00,0,0,15.92,0.00,0.00,0.00,0.00,1.000,1.000,0.00,0,255.00,1,16.42,15.90,0.52,1.015,1.026,2.514,-0.004,0.052,15.92,16,-0.3311
173320,1.018,1.014,1.100,1.100,1.100,1.100,0.000,15.96,0.1596,2.541,0.000,15.96,15.96,0.00,0,0,-1.66553,15.96,15.96,0.00,0,0,15.96,0.00,0.00,0.00,0.00,1.000,1.000,0.00,0,255.00,1,16.46,15.95,0.51,1.016,1.027,2.522,0.002,0.050,15.96,16,-0.3350
173449,1.014,1.016,1.100,1.100,1.100,1.100,0.000,15.93,0.1593,2.541,0.000,15.93,15.93,0.00,0,0,-1.67319,15.93,15.93,0.00,0,0,15.93,0.00,0.00,0.00,0.00,1.000,1.000,0.00,0,255.00,1,16.44,15.93,0.50,1.018,1.028,2.522,-0.004,0.049,15.93,16,-0.4216
173585,1.004,1.011,1.100,1.100,1.100,1.100,0.000,16.25,0.1625,2.542,0.000,16.25,16.25,0.00,0,0,-1.68073,16.25,16.25,0.00,0,0,16.25,0.00,0.00,0.00,0.00,1.000,1.000,0.00,0,255.00,1,16.64,16.11,0.53,1.014,1.027,2.524,-0.010,0.050,16.25,16,0.4630
173713,1.025,1.019,1.100,1.100,1.100,1.100,0.000,15.92,0.1592,2.546,0.000,15.92,15.92,0.00,0,0,-1.68834,15.92,15.92,0.00,0,0,15.92,0.00,0.00,0.00,0.00,1.000,1.000,0.00,0,255.00,1,16.44,15.95,0.49,1.021,1.030,2.530,0.004,0.047,15.92,16,-0.3384
173844,1.027,1.023,1.100,1.100,1.100,1.100,0.000,15.75,0.1575,2.541,0.000,15.75,15.75,0.00,0,0,-1.69548,15.75,15.75,0.00,0,0,15.75,0.00,0.00,0.00,0.00,1.000,1.000,0.00,0,255.00,1,16.29,15.83,0.46,1.025,1.032,2.520,0.002,0.043,15.75,16,0.2397
173971,1.009,1.014,1.100,1.100,1.100,1.100,0.000,16.29,0.1629,2.546,0.000,16.29,16.29,0.00,0,0,-1.70291,16.29,16.29,0.00,0,0,16.29,0.00,0.00,0.00,0.00,1.000,1.000,0.00,0,255.00,1,16.66,16.15,0.51,1.017,1.030,2.531,-0.008,0.047,16.29,16,0.4945
174101,1.019,1.018,1.100,1.100,1.100,1.100,0.000,16.12,0.1612,2.553,0.000,16.12,16.12,0.00,0,0,-1.71034,16.12,16.12,0.00,0,0,16.12,0.00,0.00,0.00,0.00,1.000,1.000,0.00,0,255.00,1,16.58,16.09,0.49,1.021,1.031,2.540,-0.001,0.045,16.12,16,-0.0423
174228,1.029,1.026,1.100,1.100,1.100,1.100,0.000,15.80,0.1580,2.547,0.000,15.80,15.80,0.00,0,0,-1.71721,15.80,15.80,0.00,0,0,15.80,0.00,0.00,0.00,0.00,1.000,1.000,0.00,0,255.00,1,16.32,15.88,0.45,1.027,1.035,2.528,0.002,0.041,15.80,16,-0.3902
174358,1.019,1.020,1.100,1.100,1.100,1.100,0.000,16.15,0.1615,2.553,0.000,16.15,16.15,0.00,0,0,-1.72444,16.15,16.15,0.00,0,0,16.15,0.00,0.00,0.00,0.00,1.000,1.000,0.00,0,255.00,1,16.58,16.10,0.48,1.022,1.033,2.539,-0.003,0.043,16.15,16,0.0820
174487,1.020,1.022,1.100,1.100,1.100,1.100,0.000,16.12,0.1612,2.558,0.000,16.12,16.12,0.00,0,0,-1.73157,16.12,16.12,0.00,0,0,16.12,0.00,0.00,0.00,0.00,1.000,1.000,0.00,0,255.00,1,16.57,16.10,0.47,1.024,1.034,2.545,-0.004,0.042,16.12,17,-0.4446
174619,1.023,1.022,1.100,1.100,1.100,1.100,0.000,16.19,0.1619,2.560,0.000,16.19,16.19,0.00,0,0,-1.73853,16.19,16.19,0.00,0,0,16.19,0.00,0.00,0.00,0.00,1.000,1.000,0.00,0,255.00,1,16.61,16.14,0.47,1.024,1.034,2.547,-0.001,0.041,16.19,16,-0.0934
174746,1.033,1.026,1.100,1.100,1.100,1.100,0.000,16.00,0.1600,2.564,0.000,16.00,16.00,0.00,0,0,-1.74552,16.00,16.00,0.00,0,0,16.00,0.00,0.00,0.00,0.00,1.000,1.000,0.00,0,255.00,1,16.49,16.05,0.44,1.028,1.036,2.552,0.005,0.039,16.00,16,0.4935
174877,1.015,1.022,1.100,1.100,1.100,1.100,0.000,16.30,0.1630,2.564,0.000,16.30,16.30,0.00,0,0,-1.75225,16.30,16.30,0.00,0,0,16.30,0.00,0.00,0.00,0.00,1.000,1.000,0.00,0,255.00,1,16.68,16.22,0.47,1.024,1.035,2.550,-0.008,0.040,16.30,17,-0.2019
175002,1.020,1.023,1.100,1.100,1.100,1.100,0.000,16.32,0.1632,2.569,0.000,16.32,16.32,0.00,0,0,-1.75910,16.32,16.32,0.00,0,0,16.32,0.00,0.00,0.00,0.00,1.000,1.000,0.00,0,255.00,1,16.71,16.24,0.46,1.025,1.036,2.558,-0.004,0.039,16.32,16,0.4889
175135,1.034,1.031,1.100,1.100,1.100,1.100,0.000,15.94,0.1594,2.564,0.000,15.94,15.94,0.00,0,0,-1.76547,15.94,15.94,0.00,0,0,15.94,0.00,0.00,0.00,0.00,1.000,1.000,0.00,0,255.00,1,16.42,16.01,0.42,1.032,1.039,2.546,0.002,0.035,15.94,16,-0.4979
175261,1.029,1.026,1.100,1.100,1.100,1.100,0.000,16.24,0.1624,2.571,0.000,16.24,16.24,0.00,0,0,-1.77226,16.24,16.24,0.00,0,0,16.24,0.00,0.00,0.00,0.00,1.000,1.000,0.00,0,255.00,1,16.65,16.21,0.44,1.028,1.038,2.559,0.001,0.037,16.24,16,0.4209
175394,1.030,1.029,1.100,1.100,1.100,1.100,0.000,16.13,0.1613,2.573,0.000,16.13,16.13,0.00,0,0,-1.77880,16.13,16.13,0.00,0,0,16.13,0.00,0.00,0.00,0.00,1.000,1.000,0.00,0,255.00,1,16.58,16.15,0.42,1.031,1.039,2.561,-0.001,0.035,16.13,16,0.0736
175519,1.031,1.030,1.100,1.100,1.100,1.100,0.000,16.17,0.1617,2.572,0.000,16.17,16.17,0.00,0,0,-1.78507,16.17,16.17,0.00,0,0,16.17,0.00,0.00,0.00,0.00,1.000,1.000,0.00,0,255.00,1,16.58,16.16,0.42,1.031,1.040,2.556,-0.001,0.034,16.17,16,0.4230
175650,1.039,1.034,1.100,1.100,1.100,1.100,0.000,16.00,0.1600,2.572,0.000,16.00,16.00,0.00,0,0,-1.79134,16.00,16.00,0.00,0,0,16.00,0.00,0.00,0.00,0.00,1.000,1.000,0.00,0,255.00,1,16.46,16.07,0.40,1.035,1.042,2.556,0.004,0.032,16.00,16,-0.0829
175776,1.021,1.026,1.100,1.100,1.100,1.100,0.000,16.46,0.1646,2.576,0.000,16.46,16.46,0.00,0,0,-1.79771,16.46,16.46,0.00,0,0,16.46,0.00,0.00,0.00,0.00,1.000,1.000,0.00,0,255.00,1,16.78,16.34,0.44,1.029,1.040,2.564,-0.007,0.035,16.46,17,-0.2449
175908,1.031,1.032,1.100,1.100,1.100,1.100,0.000,16.24,0.1624,2.583,0.000,16.24,16.24,0.00,0,0,-1.80619,16.24,16.24,0.00,0,0,16.24,0.00,0.00,0.00,0.00,1.000,1.000,0.00,0,255.00,1,16.65,16.24,0.41,1.033,1.042,2.573,-0.002,0.032,16.24,16,0.1212
176041,1.041,1.041,1.100,1.100,1.100,1.100,0.000,16.16,0.1616,2.577,0.000,16.16,16.16,0.00,0,0,-1.81731,16.16,16.16,0.00,0,0,16.16,0.00,0.00,0.00,0.00,1.000,1.000,0.00,0,255.00,1,16.49,16.14,0.35,1.042,1.050,2.550,-0.001,0.024,16.16,16,-0.0341
176178,1.039,1.039,1.100,1.100,1.100,1.100,0.000,16.22,0.1622,2.577,0.000,16.22,16.22,0.00,0,0,-1.82286,16.22,16.22,0.00,0,0,16.22,0.00,0.00,0.00,0.00,1.000,1.000,0.00,0,255.00,1,16.54,16.18,0.36,1.041,1.049,2.552,-0.002,0.024,16.22,17,-0.4006
176303,1.028,1.034,1.100,1.100,1.100,1.100,0.000,16.37,0.1637,2.581,0.000,16.37,16.37,0.00,0,0,-1.83337,16.37,16.37,0.00,0,0,16.37,0.00,0.00,0.00,0.00,1.000,1.000,0.00,0,255.00,1,16.67,16.28,0.39,1.036,1.045,2.560,-0.008,0.028,16.37,16,0.1257
176438,1.050,1.042,1.100,1.100,1.100,1.100,0.000,16.33,0.1633,2.585,0.000,16.33,16.33,0.00,0,0,-1.83887,16.33,16.33,0.00,0,0,16.33,0.00,0.00,0.00,0.00,1.000,1.000,0.00,0,255.00,1,16.63,16.29,0.34,1.044,1.052,2.569,0.006,0.022,16.33,16,0.1567
176565,1.043,1.046,1.100,1.100,1.100,1.100,0.000,16.38,0.1638,2.590,0.000,16.38,16.38,0.00,0,0,-1.84701,16.38,16.38,0.00,0,0,16.38,0.00,0.00,0.00,0.00,1.000,1.000,0.00,0,255.00,1,16.63,16.30,0.32,1.047,1.055,2.567,-0.004,0.019,16.38,16,-0.1022
176700,1.037,1.042,1.100,1.100,1.100,1.100,0.000,16.48,0.1648,2.597,0.000,16.48,16.48,0.00,0,0,-1.85518,16.48,16.48,0.00,0,0,16.48,0.00,0.00,0.00,0.00,1.000,1.000,0.00,0,255.00,1,16.74,16.40,0.35,1.043,1.052,2.579,-0.007,0.022,16.48,16,-0.0085
176829,1.059,1.053,1.100,1.100,1.100,1.100,0.000,16.43,0.1643,2.601,0.000,16.43,16.43,0.00,0,0,-1.85975,16.43,16.43,0.00,0,0,16.43,0.00,0.00,0.00,0.00,1.000,1.000,0.00,0,255.00,1,16.65,16.37,0.28,1.054,1.061,2.579,0.005,0.014,16.43,16,0.3263
176962,1.054,1.054,1.100,1.100,1.100,1.100,0.000,16.46,0.1646,2.604,0.000,16.46,16.46,0.00,0,0,-1.86394,16.46,16.46,0.00,0,0,16.46,0.00,0.00,0.00,0.00,1.000,1.000,0.00,0,255.00,1,16.65,16.38,0.27,1.055,1.063,2.577,-0.002,0.013,16.46,17,-0.3280
177092,1.049,1.055,1.100,1.100,1.100,1.100,0.000,16.52,0.1652,2.608,0.000,16.52,16.52,0.00,0,0,-1.87134,16.52,16.52,0.00,0,0,16.52,0.00,0.00,0.00,0.00,1.000,1.000,0.00,0,255.00,1,16.67,16.40,0.27,1.056,1.064,2.574,-0.008,0.012,16.52,16,0.4013
177224,1.063,1.060,1.100,1.100,1.100,1.100,0.000,16.51,0.1651,2.611,0.000,16.51,16.51,0.00,0,0,-1.87503,16.51,16.51,0.00,0,0,16.51,0.00,0.00,0.00,0.00,1.000,1.000,0.00,0,255.00,1,16.65,16.41,0.24,1.061,1.068,2.579,0.002,0.010,16.51,17,-0.0950
177350,1.058,1.060,1.100,1.100,1.100,1.100,0.000,16.58,0.1658,2.619,0.000,16.58,16.58,0.00,0,0,-1.88435,16.58,16.58,0.00,0,0,16.58,0.00,0.00,0.00,0.00,1.000,1.000,0.00,0,255.00,1,16.73,16.49,0.24,1.062,1.068,2.593,-0.004,0.010,16.58,16,0.2296
177489,1.059,1.062,1.100,1.100,1.100,1.100,0.000,16.60,0.1660,2.622,0.000,16.60,16.60,0.00,0,0,-1.88773,16.60,16.60,0.00,0,0,16.60,0.00,0.00,0.00,0.00,1.000,1.000,0.00,0,255.00,1,16.74,16.52,0.22,1.063,1.070,2.599,-0.004,0.009,16.60,17,-0.0154
177616,1.073,1.068,1.100,1.100,1.100,1.100,0.000,16.58,0.1658,2.625,0.000,16.58,16.58,0.00,0,0,-1.89080,16.58,16.58,0.00,0,0,16.58,0.00,0.00,0.00,0.00,1.000,1.000,0.00,0,255.00,1,16.70,16.51,0.19,1.069,1.074,2.600,0.005,0.006,16.58,17,-0.2605
177747,1.069,1.069,1.100,1.100,1.100,1.100,0.000,16.65,0.1665,2.632,0.000,16.65,16.65,0.00,0,0,-1.90024,16.65,16.65,0.00,0,0,16.65,0.00,0.00,0.00,0.00,1.000,1.000,0.00,0,255.00,1,16.76,16.57,0.18,1.070,1.076,2.610,-0.001,0.006,16.65,17,-0.0816
177877,1.063,1.064,1.100,1.100,1.100,1.100,0.000,16.72,0.1672,2.638,0.000,16.72,16.72,0.00,0,0,-1.90432,16.72,16.72,0.00,0,0,16.72,0.00,0.00,0.00,0.00,1.000,1.000,0.00,0,255.00,1,16.87,16.66,0.21,1.066,1.071,2.626,-0.003,0.008,16.72,17,-0.2983
178008,1.082,1.076,1.100,1.100,1.100,1.100,0.000,16.66,0.1666,2.640,0.000,16.66,16.66,0.00,0,0,-1.90763,16.66,16.66,0.00,0,0,16.66,0.00,0.00,0.00,0.00,1.000,1.000,0.00,0,255.00,1,16.75,16.61,0.14,1.077,1.081,2.621,0.005,0.004,16.66,16,0.4084
178135,1.078,1.078,1.100,1.100,1.100,1.100,0.000,16.67,0.1667,2.641,0.000,16.67,16.67,0.00,0,0,-1.91109,16.67,16.67,0.00,0,0,16.67,0.00,0.00,0.00,0.00,1.000,1.000,0.00,0,255.00,1,16.73,16.60,0.13,1.079,1.083,2.614,-0.001,0.003,16.67,17,-0.2450
178266,1.072,1.073,1.100,1.100,1.100,1.100,0.000,16.75,0.1675,2.645,0.000,16.75,16.75,0.00,0,0,-1.91494,16.75,16.75,0.00,0,0,16.75,0.00,0.00,0.00,0.00,1.000,1.000,0.00,0,255.00,1,16.85,16.69,0.16,1.073,1.078,2.629,-0.001,0.005,16.75,16,0.3599
178394,1.085,1.081,1.100,1.100,1.100,1.100,0.000,16.70,0.1670,2.646,0.000,16.70,16.70,0.00,0,0,-1.91681,16.70,16.70,0.00,0,0,16.70,0.00,0.00,0.00,0.00,1.000,1.000,0.00,0,255.00,1,16.76,16.65,0.11,1.082,1.085,2.626,0.003,0.002,16.70,16,0.4801
178525,1.081,1.081,1.100,1.100,1.100,1.100,0.000,16.72,0.1672,2.648,0.000,16.72,16.72,0.00,0,0,-1.91971,16.72,16.72,0.00,0,0,16.72,0.00,0.00,0.00,0.00,1.000,1.000,0.00,0,255.00,1,16.77,16.66,0.11,1.082,1.085,2.626,-0.001,0.002,16.72,17,0.0610
178653,1.081,1.084,1.100,1.100,1.100,1.100,0.000,16.71,0.1671,2.647,0.000,16.71,16.71,0.00,0,0,-1.92109,16.71,16.71,0.00,0,0,16.71,0.00,0.00,0.00,0.00,1.000,1.000,0.00,0,255.00,1,16.74,16.65,0.10,1.084,1.088,2.622,-0.003,0.002,16.71,17,0.1670
178787,1.090,1.085,1.100,1.100,1.100,1.100,0.000,16.74,0.1674,2.649,0.000,16.74,16.74,0.00,0,0,-1.92538,16.74,16.74,0.00,0,0,16.74,0.00,0.00,0.00,0.00,1.000,1.000,0.00,0,255.00,1,16.77,16.69,0.09,1.086,1.089,2.632,0.004,0.001,16.74,16,0.3472
178912,1.086,1.086,1.100,1.100,1.100,1.100,0.000,16.74,0.1674,2.650,0.000,16.74,16.74,0.00,0,0,-1.92676,16.74,16.74,0.00,0,0,16.74,0.00,0.00,0.00,0.00,1.000,1.000,0.00,0,255.00,1,16.78,16.70,0.08,1.087,1.089,2.636,-0.001,0.001,16.74,17,-0.3998
179042,1.095,1.093,1.100,1.100,1.100,1.100,0.000,16.70,0.1670,2.649,0.000,16.70,16.70,0.00,0,0,-1.92756,16.70,16.70,0.00,0,0,16.70,0.00,0.00,0.00,0.00,1.000,1.000,0.00,0,255.00,1,16.70,16.66,0.04,1.093,1.095,2.629,0.002,0.000,16.70,17,-0.2724
179167,1.097,1.094,1.100,1.100,1.100,1.100,0.000,16.69,0.1669,2.648,0.000,16.69,16.69,0.00,0,0,-1.92814,16.69,16.69,0.00,0,0,16.69,0.00,0.00,0.00,0.00,1.000,1.000,0.00,0,255.00,1,16.67,16.64,0.03,1.095,1.097,2.623,0.003,0.000,16.69,17,-0.1862
179301,1.091,1.093,1.100,1.100,1.100,1.100,0.000,16.70,0.1670,2.647,0.000,16.70,16.70,0.00,0,0,-1.92869,16.70,16.70,0.00,0,0,16.70,0.00,0.00,0.00,0.00,1.000,1.000,0.00,0,255.00,1,16.68,16.64,0.04,1.094,1.096,2.622,-0.003,0.000,16.70,17,-0.0935
179426,1.086,1.088,1.082,1.100,1.082,1.100,0.000,16.77,0.1677,2.648,0.000,16.77,16.77,0.00,0,0,-1.93173,16.77,16.77,0.00,0,0,16.77,0.00,0.00,0.00,0.00,1.000,1.000,0.00,0,255.00,1,16.81,16.74,0.07,1.088,1.091,2.644,-0.003,0.001,16.77,17,-0.3442
179556,1.100,1.093,1.084,1.095,1.084,1.095,-0.056,16.69,0.1669,2.649,0.000,16.69,16.69,0.00,0,0,-1.93239,16.69,16.69,0.00,0,0,16.69,0.00,0.00,0.00,0.00,1.000,1.000,0.00,0,255.00,1,16.49,16.49,0.01,1.092,1.088,2.650,0.009,0.001,16.69,17,-0.1397
179685,1.092,1.093,1.097,1.092,1.097,1.092,-0.018,16.67,0.1667,2.647,0.000,16.67,16.67,0.00,0,0,-1.93250,16.67,16.67,0.00,0,0,16.67,0.00,0.00,0.00,0.00,1.000,1.000,0.00,0,255.00,1,16.61,16.62,-0.01,1.092,1.091,2.647,-0.000,0.000,16.67,17,-0.0862
179815,1.083,1.087,1.108,1.093,1.108,1.093,0.017,16.72,0.1672,2.647,0.000,16.72,16.72,0.00,0,0,-1.93262,16.72,16.72,0.00,0,0,16.72,0.00,0.00,0.00,0.00,1.000,1.000,0.00,0,255.00,1,16.82,16.79,0.04,1.088,1.090,2.647,-0.005,0.000,16.72,17,-0.0280
179940,1.091,1.088,1.123,1.101,1.123,1.101,0.090,16.79,0.1679,2.650,0.000,16.79,16.79,0.00,0,0,-1.93380,16.79,16.79,0.00,0,0,16.79,0.00,0.00,0.00,0.00,1.000,1.000,0.00,0,255.00,1,17.22,17.14,0.08,1.090,1.098,2.656,0.001,0.005,16.79,17,0.0293
180071,1.086,1.087,1.141,1.112,1.141,1.112,0.120,16.92,0.1692,2.657,0.000,16.92,16.92,0.00,0,0,-1.93624,16.92,16.92,0.00,0,0,16.92,0.00,0.00,0.00,0.00,1.000,1.000,0.00,0,255.00,1,17.52,17.37,0.16,1.090,1.102,2.665,-0.004,0.011,16.92,17,-0.4636
180199,1.087,1.087,1.185,1.126,1.185,1.126,0.170,17.08,0.1708,2.667,0.000,17.08,17.08,0.00,0,0,-1.93931,17.08,17.08,0.00,0,0,17.08,0.00,0.00,0.00,0.00,1.000,1.000,0.00,0,255.00,1,17.94,17.69,0.25,1.090,1.108,2.676,-0.003,0.025,17.08,17,-0.3834
180333,1.103,1.098,1.213,1.145,1.213,1.145,0.200,17.20,0.1720,2.679,0.000,17.20,17.20,0.00,0,0,-1.94333,17.20,17.20,0.00,0,0,17.20,0.00,0.00,0.00,0.00,1.000,1.000,0.00,0,255.00,1,18.19,17.89,0.30,1.102,1.124,2.675,0.001,0.035,17.20,17,0.1116
180458,1.101,1.102,1.243,1.173,1.243,1.173,0.337,17.51,0.1751,2.697,0.000,17.51,17.51,0.00,0,0,-1.94890,17.51,17.51,0.00,0,0,17.51,0.00,0.00,0.00,0.00,1.000,1.000,0.00,1,60.00,1,19.08,18.63,0.45,1.110,1.146,2.677,-0.008,0.085,17.51,17,0.2608
180593,1.117,1.112,1.313,1.204,1.313,1.204,0.351,18.59,0.1859,2.741,0.000,18.59,18.59,0.00,0,0,-1.95656,18.59,18.59,0.00,0,0,18.59,0.00,0.00,0.00,0.00,1.000,1.000,0.00,1,60.00,1,19.96,19.39,0.57,1.121,1.169,2.706,-0.003,0.097,18.59,19,-0.0892
180717,1.149,1.137,1.353,1.240,1.353,1.240,0.367,19.13,0.1913,2.808,0.000,19.13,19.13,0.00,0,0,-1.96586,19.13,19.13,0.00,0,0,19.13,0.00,0.00,0.00,0.00,1.000,1.000,0.00,1,60.00,1,20.51,19.87,0.64,1.147,1.200,2.741,0.001,0.112,19.13,19,0.2830
180849,1.198,1.184,1.395,1.286,1.395,1.286,0.531,19.05,0.1905,2.850,0.000,19.05,19.05,0.00,0,0,-1.97487,19.05,19.05,0.00,0,0,19.05,0.00,0.00,0.00,0.00,1.000,1.000,0.00,1,60.00,1,21.07,20.43,0.64,1.197,1.261,2.709,0.002,0.154,19.05,19,0.1971
180978,1.203,1.202,1.442,1.333,1.442,1.333,0.534,20.42,0.2042,2.916,0.000,20.42,20.42,0.00,0,0,-1.98562,20.42,20.42,0.00,0,0,20.42,0.00,0.00,0.00,0.00,1.000,1.000,0.00,1,60.00,1,22.06,21.25,0.81,1.218,1.297,2.715,-0.014,0.172,20.42,21,-0.1991
181114,1.267,1.246,1.544,1.386,1.544,1.386,0.532,20.78,0.2078,2.999,0.000,20.78,20.78,0.00,0,0,-1.99830,20.78,20.78,0.00,0,0,20.78,0.00,0.00,0.00,0.00,1.000,1.000,0.00,1,60.00,1,22.41,21.56,0.85,1.262,1.343,2.742,0.005,0.186,20.78,20,0.2910
181240,1.318,1.300,1.600,1.443,1.600,1.443,0.703,20.93,0.2093,3.063,0.000,20.93,20.93,0.00,0,0,-2.01123,20.93,20.93,0.00,0,0,20.93,0.00,0.00,0.00,0.00,1.000,1.000,0.00,1,60.00,1,23.23,22.34,0.89,1.319,1.414,2.727,0.002,0.249,20.93,21,0.1350
181373,1.341,1.337,1.659,1.509,1.659,1.509,0.737,22.13,0.2213,3.134,0.000,22.13,22.13,0.00,0,0,-2.02555,22.13,22.13,0.00,0,0,22.13,0.00,0.00,0.00,0.00,1.000,1.000,0.00,1,60.00,1,24.24,23.19,1.05,1.359,1.469,2.725,-0.017,0.291,22.13,22,-0.1082
181500,1.408,1.387,1.786,1.580,1.786,1.580,0.714,22.95,0.2295,3.230,0.000,22.95,22.95,0.00,0,0,-2.04261,22.95,22.95,0.00,0,0,22.95,0.00,0.00,0.01,0.00,1.000,1.001,0.00,1,60.00,1,24.90,23.73,1.17,1.410,1.525,2.766,-0.002,0.323,22.95,23,0.3237
181627,1.489,1.470,1.854,1.673,1.854,1.673,0.815,23.39,0.2339,3.331,0.000,23.39,23.39,0.00,0,0,-2.06618,23.39,23.39,0.00,0,0,23.37,0.00,0.02,0.04,0.01,1.000,1.003,0.02,1,60.00,1,25.71,24.47,1.24,1.495,1.620,2.766,-0.002,0.386,23.39,24,-0.2758
181754,1.545,1.525,1.926,1.742,1.926,1.742,0.825,23.95,0.2395,3.410,0.000,23.95,23.95,0.00,0,0,-2.08558,23.95,23.95,0.00,0,0,23.91,0.00,0.04,0.08,0.03,1.000,1.005,0.04,1,60.00,1,26.27,24.95,1.32,1.551,1.681,2.788,-0.002,0.421,23.95,24,0.3618
181886,1.595,1.584,2.078,1.820,2.078,1.820,0.883,24.69,0.2469,3.478,0.000,24.69,24.69,0.00,0,0,-2.10559,24.69,24.69,0.00,0,0,24.62,0.00,0.08,0.15,0.05,1.000,1.009,0.08,1,60.00,1,27.12,25.69,1.43,1.613,1.754,2.791,-0.016,0.485,24.69,25,-0.0381
182014,1.696,1.663,2.159,1.906,2.159,1.906,0.870,25.08,0.2508,3.561,0.000,25.08,25.08,0.00,0,0,-2.12786,25.08,25.08,0.00,0,0,24.93,0.00,0.14,0.23,0.08,1.000,1.014,0.14,1,60.00,1,27.47,26.00,1.47,1.692,1.833,2.815,0.005,0.503,25.08,26,-0.4595
182144,1.771,1.743,2.243,1.998,2.243,1.998,1.107,25.65,0.2565,3.630,0.000,25.65,25.65,0.00,0,0,-2.15061,25.65,25.65,0.00,0,0,25.41,0.00,0.24,0.43,0.11,1.000,1.020,0.24,1,60.00,1,28.96,27.40,1.56,1.777,1.939,2.806,-0.001,0.657,25.65,26,0.1159
182272,1.833,1.812,2.331,2.100,2.331,2.100,1.138,26.97,0.2697,3.709,0.000,26.97,26.97,0.00,0,0,-2.17519,26.97,26.97,0.00,0,0,26.58,0.00,0.39,0.63,0.16,1.000,1.028,0.39,1,60.00,1,30.14,28.39,1.75,1.848,2.026,2.816,-0.014,0.752,26.97,27,0.3391
182401,1.919,1.888,2.515,2.207,2.515,2.207,1.082,28.25,0.2825,3.819,0.000,28.25,28.25,0.00,0,0,-2.20327,28.25,28.25,0.00,0,0,27.66,0.00,0.59,0.82,0.21,1.000,1.038,0.59,1,60.00,1,31.07,29.15,1.92,1.926,2.109,2.874,-0.006,0.817,28.25,28,0.1492
182527,2.053,2.011,2.612,2.319,2.612,2.319,1.331,28.31,0.2831,3.903,0.000,28.31,28.31,0.00,0,0,-2.23122,28.31,28.31,0.00,0,0,27.46,0.00,0.85,1.32,0.27,1.000,1.049,0.85,1,60.00,1,32.24,30.36,1.88,2.052,2.250,2.860,0.008,0.943,28.31,28,-0.0851
182655,2.143,2.116,2.712,2.440,2.712,2.440,1.342,29.32,0.2932,3.982,0.000,29.32,29.32,0.00,0,0,-2.25960,29.32,29.32,0.00,0,0,28.13,0.00,1.19,1.71,0.34,1.000,1.061,1.19,1,60.00,1,32.98,31.01,1.97,2.158,2.366,2.826,-0.013,0.964,29.32,30,-0.4414
182784,2.245,2.213,2.815,2.555,2.815,2.555,1.281,30.37,0.3037,4.069,0.000,30.37,30.37,0.00,0,0,-2.28954,30.37,30.37,0.00,0,0,28.85,0.00,1.52,2.02,0.41,1.000,1.074,1.52,1,60.00,1,33.53,31.47,2.06,2.256,2.469,2.827,-0.009,0.959,30.37,30,0.3188
182913,2.391,2.340,3.031,2.677,3.031,2.677,1.233,30.90,0.3090,4.161,0.000,30.90,30.90,0.00,0,0,-2.32068,30.90,30.90,0.00,0,0,28.96,0.00,1.94,2.36,0.49,1.000,1.087,1.94,1,60.00,1,33.73,31.71,2.02,2.383,2.593,2.831,0.010,0.890,30.90,31,0.2036
183042,2.490,2.457,3.143,2.805,3.143,2.805,1.531,32.05,0.3205,4.245,0.000,32.05,32.05,0.00,0,0,-2.35186,32.05,32.05,0.00,0,0,29.57,0.00,2.48,3.49,0.57,1.000,1.102,2.48,1,60.00,1,35.95,33.84,2.11,2.506,2.744,2.820,-0.008,1.107,32.05,32,0.2887
183171,2.608,2.578,3.259,2.945,3.259,2.945,1.548,33.53,0.3353,4.339,0.000,33.53,33.53,0.00,0,0,-2.38383,33.53,33.53,0.00,0,0,30.36,0.00,3.17,4.17,0.65,1.000,1.117,3.17,1,60.00,1,37.13,34.92,2.21,2.630,2.879,2.819,-0.019,1.135,33.53,34,-0.0632
183297,2.752,2.710,3.501,3.090,3.501,3.090,1.459,34.97,0.3497,4.452,0.000,34.97,34.97,0.00,0,0,-2.41753,34.97,34.97,0.00,0,0,31.06,0.00,3.91,4.55,0.73,1.000,1.132,3.91,1,60.00,1,37.86,35.59,2.27,2.762,3.014,2.845,-0.009,1.083,34.97,35,-0.4673
183424,2.953,2.893,3.626,3.239,3.626,3.239,1.764,35.33,0.3533,4.546,0.000,35.33,35.33,0.00,0,0,-2.44995,35.33,35.33,0.00,0,0,30.61,0.00,4.73,6.26,0.81,1.000,1.147,4.73,1,60.00,1,39.45,37.35,2.10,2.948,3.217,2.811,0.013,1.130,35.33,35,0.3287
183548,3.102,3.057,3.753,3.383,3.753,3.383,1.683,35.91,0.3591,4.612,0.000,35.91,35.91,0.00,0,0,-2.47956,35.91,35.91,0.00,0,0,30.53,0.00,5.38,6.61,0.88,1.000,1.159,5.38,1,60.00,1,39.18,37.21,1.97,3.112,3.378,2.722,-0.001,0.913,35.91,36,0.1413
183673,3.227,3.186,3.886,3.537,3.886,3.537,1.716,37.80,0.3780,4.698,0.000,37.80,37.80,0.00,0,0,-2.51053,37.80,37.80,0.00,0,0,31.60,0.00,6.20,7.35,0.94,1.000,1.169,6.20,1,60.00,1,40.76,38.66,2.10,3.244,3.526,2.721,-0.014,0.969,37.80,38,-0.3202
183803,3.395,3.345,4.159,3.685,4.159,3.685,1.652,38.57,0.3857,4.789,0.000,38.57,38.57,0.00,0,0,-2.54221,38.57,38.57,0.00,0,0,31.82,0.00,6.75,7.52,0.98,1.000,1.176,6.75,1,60.00,1,41.13,39.10,2.03,3.402,3.678,2.744,-0.003,0.868,38.57,38,0.1667
183929,3.566,3.529,4.300,3.843,4.300,3.843,1.596,39.08,0.3908,4.844,0.000,39.08,39.08,0.00,0,0,-2.57020,39.08,39.08,0.00,0,0,31.72,0.00,7.36,7.56,1.00,1.000,1.180,7.36,1,60.00,1,40.97,39.10,1.87,3.585,3.857,2.671,-0.018,0.694,39.08,39,0.3233
184054,3.756,3.697,4.445,4.009,4.445,4.009,1.977,40.08,0.4008,4.901,0.000,40.08,40.08,0.00,0,0,-2.59840,40.08,40.08,0.00,0,0,32.23,0.00,7.85,8.50,1.00,1.000,1.180,7.85,1,60.00,1,43.67,41.78,1.89,3.759,4.060,2.643,0.006,0.902,40.08,40,-0.3813
184184,3.917,3.865,4.743,4.188,4.743,4.188,1.989,41.27,0.4127,4.960,0.000,41.27,41.27,0.00,0,0,-2.62744,41.27,41.27,0.00,0,0,33.12,0.00,8.15,8.50,1.00,1.000,1.180,8.15,1,60.00,1,44.75,42.80,1.95,3.928,4.235,2.631,-0.007,0.931,41.27,41,0.4559
184307,4.102,4.044,4.897,4.374,4.897,4.374,1.867,42.26,0.4226,5.020,0.000,42.26,42.26,0.00,0,0,-2.65772,42.26,42.26,0.00,0,0,33.95,0.00,8.31,8.50,1.00,1.000,1.180,8.31,1,60.00,1,45.01,43.04,1.97,4.107,4.408,2.620,-0.002,0.855,42.26,42,-0.1040
184435,4.302,4.248,5.054,4.549,5.054,4.549,1.760,42.38,0.4238,5.044,0.000,42.38,42.38,0.00,0,0,-2.68528,42.38,42.38,0.00,0,0,33.99,0.00,8.40,8.50,1.00,1.000,1.180,8.40,1,60.00,1,44.34,42.55,1.79,4.308,4.599,2.533,-0.004,0.659,42.38,43,-0.3815
184562,4.467,4.415,5.210,4.732,5.210,4.732,2.173,43.51,0.4351,5.063,0.000,43.51,43.51,0.00,0,0,-2.71288,43.51,43.51,0.00,0,0,35.07,0.00,8.44,8.50,1.00,1.000,1.180,8.44,1,60.00,1,47.54,45.62,1.92,4.483,4.808,2.484,-0.006,0.984,43.51,44,-0.3407
184685,4.612,4.563,5.364,4.943,5.364,4.943,2.129,45.86,0.4586,5.121,0.000,45.86,45.86,0.00,0,0,-2.74574,45.86,45.86,0.00,0,0,37.39,0.00,8.47,8.50,1.00,1.000,1.180,8.47,1,60.00,1,49.64,47.36,2.28,4.632,4.968,2.537,-0.019,1.225,45.86,46,0.3174
184808,4.914,4.840,5.514,5.156,5.514,5.156,1.760,45.53,0.4553,5.165,0.000,45.53,45.53,0.00,0,0,-2.78808,45.53,45.53,0.00,0,0,37.04,0.00,8.49,8.50,1.00,1.000,1.180,8.49,1,60.00,1,47.44,45.56,1.88,4.901,5.195,2.533,0.018,0.710,45.53,45,0.0710
184939,5.109,5.057,5.805,5.338,5.805,5.338,2.137,46.11,0.4611,5.152,0.000,46.11,46.11,0.00,0,0,-2.81378,46.11,46.11,0.00,0,0,37.62,0.00,8.49,8.50,1.00,1.000,1.180,8.49,1,60.00,1,49.68,47.98,1.70,5.123,5.443,2.407,-0.005,0.774,46.11,47,-0.4800
185065,5.218,5.189,5.945,5.527,5.945,5.527,2.067,47.79,0.4779,5.155,0.000,47.79,47.79,0.00,0,0,-2.84148,47.79,47.79,0.00,0,0,39.30,0.00,8.50,8.50,1.00,1.000,1.180,8.50,1,60.00,1,50.90,48.88,2.02,5.257,5.584,2.385,-0.036,0.937,47.79,48,-0.2112
185195,5.497,5.405,6.217,5.699,6.217,5.699,1.895,48.38,0.4838,5.165,0.000,48.38,48.38,0.00,0,0,-2.87061,48.38,48.38,0.00,0,0,39.88,0.00,8.50,8.50,1.00,1.000,1.180,8.50,1,60.00,1,50.40,48.65,1.75,5.469,5.776,2.395,0.034,0.642,48.38,49,-0.2712
185320,5.689,5.630,6.348,5.885,6.348,5.885,2.138,49.11,0.4911,5.152,0.000,49.11,49.11,0.00,0,0,-2.89420,49.11,49.11,0.00,0,0,40.61,0.00,8.50,8.50,1.00,1.000,1.180,8.50,1,60.00,1,52.12,50.58,1.53,5.697,6.019,2.288,0.001,0.611,49.11,49,0.1444
185446,5.872,5.815,6.476,6.056,6.476,6.056,1.939,50.02,0.5002,5.139,0.000,50.02,50.02,0.00,0,0,-2.91674,50.02,50.02,0.00,0,0,41.52,0.00,8.50,8.50,1.00,1.000,1.180,8.50,1,60.00,1,51.45,50.02,1.43,5.880,6.189,2.226,0.000,0.419,50.02,50,0.4454
185576,6.082,6.027,6.601,6.226,6.601,6.226,1.855,50.64,0.5064,5.112,0.000,50.64,50.64,0.00,0,0,-2.93505,50.64,50.64,0.00,0,0,42.14,0.00,8.50,8.50,1.00,1.000,1.180,8.50,1,60.00,1,51.04,49.87,1.17,6.090,6.391,2.136,-0.004,0.252,50.64,50,0.4743
185703,6.269,6.204,6.840,6.393,6.840,6.393,1.672,51.59,0.5159,5.091,0.000,51.59,51.59,0.00,0,0,-2.95306,51.59,51.59,0.00,0,0,43.09,0.00,8.50,8.50,1.00,1.000,1.180,8.50,1,60.00,1,50.61,49.52,1.09,6.264,6.553,2.110,0.008,0.204,51.59,52,-0.4096
185831,6.458,6.399,6.957,6.554,6.957,6.554,1.858,52.28,0.5228,5.062,0.000,52.28,52.28,0.00,0,0,-2.96839,52.28,52.28,0.00,0,0,43.78,0.00,8.50,8.50,1.00,1.000,1.180,8.50,1,60.00,1,52.37,51.46,0.91,6.461,6.756,2.081,0.005,0.151,52.28,52,-0.1368
185958,6.653,6.596,7.069,6.715,7.069,6.715,1.752,52.91,0.5291,5.025,0.000,52.91,52.91,0.00,0,0,-2.98018,52.91,52.91,0.00,0,0,44.41,0.00,8.50,8.50,1.00,1.000,1.180,8.50,1,60.00,1,51.99,51.31,0.68,6.656,6.940,2.030,0.001,0.086,52.91,53,-0.0311
186090,6.827,6.782,7.284,6.860,7.284,6.860,1.575,53.37,0.5337,4.975,0.000,53.37,53.37,0.00,0,0,-2.98757,53.37,53.37,0.00,0,0,44.87,0.00,8.50,8.50,1.00,1.000,1.180,8.50,1,60.00,1,50.85,50.43,0.42,6.838,7.107,1.969,-0.008,0.096,53.37,53,0.3282
186220,7.020,6.961,7.386,7.012,7.386,7.012,1.736,54.01,0.5401,4.926,0.000,54.01,54.01,0.00,0,0,-2.99300,54.01,54.01,0.00,0,0,45.51,0.00,8.50,8.50,1.00,1.000,1.180,8.50,1,60.00,1,52.54,52.26,0.27,7.018,7.293,1.945,0.009,0.036,54.01,54,-0.2651
186349,7.182,7.149,7.486,7.183,7.486,7.183,1.393,54.88,0.5488,4.859,0.000,54.88,54.88,0.00,0,0,-2.99692,54.88,54.88,0.00,0,0,46.38,0.00,8.50,8.50,1.00,1.000,1.180,8.50,0,255.00,1,51.00,50.85,0.15,7.200,7.448,1.965,-0.013,0.182,54.88,55,-0.3236
186479,7.343,7.300,7.581,7.306,7.581,7.306,1.358,55.33,0.5533,4.810,0.000,55.33,55.33,0.00,0,0,-2.99794,55.33,55.33,0.00,0,0,46.83,0.00,8.50,8.50,1.00,1.000,1.180,8.50,0,255.00,1,51.46,51.48,-0.01,7.349,7.585,2.016,-0.003,0.185,55.33,55,0.0604
186611,7.527,7.470,7.765,7.430,7.765,7.430,1.245,55.54,0.5554,4.754,0.000,55.54,55.54,0.00,0,0,-2.99589,55.54,55.54,0.00,0,0,47.04,0.00,8.50,8.50,1.00,1.000,1.180,8.50,0,255.00,1,50.91,51.20,-0.29,7.516,7.735,2.032,0.014,0.297,55.54,56,-0.4183
186737,7.652,7.613,7.852,7.551,7.852,7.551,1.390,55.96,0.5596,4.693,0.000,55.96,55.96,0.00,0,0,-2.99072,55.96,55.96,0.00,0,0,47.46,0.00,8.50,8.50,0.98,0.989,1.176,8.50,0,255.00,1,52.55,52.96,-0.41,7.659,7.883,2.037,-0.001,0.187,55.96,56,-0.0469
186867,7.750,7.716,7.936,7.671,7.936,7.671,1.311,56.88,0.5688,4.643,0.000,56.88,56.88,0.00,0,0,-2.98614,56.88,56.88,0.00,0,0,48.38,0.00,8.50,8.50,0.92,1.000,1.166,8.50,0,255.00,1,53.32,53.63,-0.31,7.761,7.977,2.105,-0.009,0.184,56.88,57,-0.3639
186997,7.907,7.856,8.094,7.779,8.094,7.779,1.177,56.77,0.5677,4.591,0.000,56.77,56.77,0.00,0,0,-2.98065,56.77,56.77,0.00,0,0,48.64,0.00,8.14,7.17,0.86,0.952,1.154,8.14,0,255.00,1,52.69,53.19,-0.50,7.897,8.092,2.163,0.013,0.272,56.77,56,0.3327
187129,8.046,8.004,8.167,7.892,8.167,7.892,1.280,56.06,0.5606,4.516,0.000,56.06,56.06,0.00,0,0,-2.97150,56.06,56.06,0.00,0,0,48.83,0.00,7.23,5.73,0.77,0.772,1.139,7.23,0,255.00,1,53.23,53.92,-0.69,8.044,8.236,2.144,0.007,0.200,56.06,56,0.3248
187256,8.062,8.059,8.239,7.993,8.239,7.993,1.140,56.29,0.5629,4.438,0.000,56.29,56.29,0.00,0,0,-2.96312,56.29,56.29,0.00,0,0,49.96,0.00,6.33,5.79,0.69,0.982,1.124,6.33,0,255.00,1,53.07,53.50,-0.42,8.097,8.280,2.185,-0.033,0.173,56.29,56,0.1970
187390,8.038,8.039,8.307,8.092,8.307,8.092,1.067,57.91,0.5791,4.406,0.000,57.91,57.91,0.00,0,0,-2.96473,57.91,57.91,0.00,0,0,52.12,0.00,5.79,4.82,0.60,1.000,1.108,5.79,0,255.00,1,55.98,55.70,0.29,8.076,8.256,2.444,-0.039,0.054,57.91,57,0.4528
187515,8.201,8.157,8.433,8.186,8.433,8.186,0.943,57.70,0.5770,4.380,0.000,57.70,57.70,0.00,0,0,-2.96928,57.70,57.70,0.00,0,0,52.64,0.00,5.06,3.64,0.51,1.000,1.092,5.06,0,255.00,1,56.16,56.01,0.15,8.189,8.343,2.627,0.014,0.031,57.70,57,0.4644
187646,8.302,8.281,8.491,8.275,8.491,8.275,1.006,57.17,0.5717,4.323,0.000,57.17,57.17,0.00,0,0,-2.96863,57.17,57.17,0.00,0,0,52.89,0.00,4.28,3.26,0.43,1.000,1.077,4.28,0,255.00,1,56.53,56.58,-0.05,8.313,8.462,2.620,-0.008,0.005,57.17,57,0.0334
187772,8.343,8.324,8.547,8.360,8.547,8.360,0.926,57.69,0.5769,4.277,0.000,57.69,57.69,0.00,0,0,-2.97093,57.69,57.69,0.00,0,0,54.14,0.00,3.55,2.46,0.35,1.000,1.063,3.55,0,255.00,1,57.13,56.92,0.21,8.354,8.498,2.683,-0.011,0.011,57.69,58,-0.3241
187901,8.384,8.374,8.647,8.462,8.647,8.462,0.701,58.34,0.5834,4.238,0.000,58.34,58.34,0.00,0,0,-2.98026,58.34,58.34,0.00,0,0,55.76,0.00,2.58,1.39,0.26,1.000,1.044,2.58,0,255.00,1,57.19,56.69,0.50,8.400,8.525,2.839,-0.017,0.055,58.34,59,-0.3227
188025,8.462,8.443,8.693,8.524,8.693,8.524,0.622,58.29,0.5829,4.206,0.000,58.29,58.29,0.00,0,0,-2.98798,58.29,58.29,0.00,0,0,56.36,0.00,1.93,0.99,0.21,1.000,1.030,1.93,0,255.00,1,57.17,56.71,0.46,8.466,8.578,2.914,-0.004,0.049,58.29,59,-0.2927
188156,8.509,8.496,8.735,8.604,8.735,8.604,0.647,58.92,0.5892,4.168,0.000,58.92,58.92,0.00,0,0,-2.99915,58.92,58.92,0.00,0,0,57.58,0.00,1.34,0.75,0.15,1.000,1.023,1.34,0,255.00,1,58.86,58.23,0.63,8.519,8.630,3.004,-0.010,0.073,58.92,59,0.0862
188280,8.610,8.580,8.775,8.658,8.775,8.658,0.581,58.83,0.5883,4.141,0.000,58.83,58.83,0.00,0,0,-3.00744,58.83,58.83,0.00,0,0,57.85,0.00,0.99,0.52,0.12,1.000,1.015,0.99,0,255.00,1,58.48,58.03,0.45,8.601,8.700,3.037,0.011,0.037,58.83,59,-0.1836
188412,8.644,8.634,8.844,8.706,8.844,8.706,0.522,59.04,0.5904,4.108,0.000,59.04,59.04,0.00,0,0,-3.01347,59.04,59.04,0.00,0,0,58.32,0.00,0.72,0.35,0.09,1.000,1.009,0.72,0,255.00,1,58.16,57.76,0.41,8.654,8.747,3.031,-0.010,0.036,59.04,59,0.4700
188535,8.637,8.634,8.874,8.752,8.874,8.752,0.465,60.01,0.6001,4.094,0.000,60.01,60.01,0.00,0,0,-3.02286,60.01,60.01,0.00,0,0,59.50,0.00,0.52,0.23,0.06,1.000,1.005,0.52,0,255.00,1,59.26,58.57,0.68,8.653,8.745,3.120,-0.016,0.086,60.01,60,-0.4011
188665,8.741,8.722,8.901,8.799,8.901,8.799,0.507,59.96,0.5996,4.076,0.000,59.96,59.96,0.00,0,0,-3.03081,59.96,59.96,0.00,0,0,59.59,0.00,0.37,0.17,0.04,1.000,1.004,0.37,0,255.00,1,59.76,59.31,0.45,8.740,8.827,3.143,0.002,0.036,59.96,60,0.4489
188791,8.779,8.772,8.924,8.848,8.924,8.848,0.380,60.43,0.6043,4.050,0.000,60.43,60.43,0.00,0,0,-3.03923,60.43,60.43,0.00,0,0,60.21,0.00,0.22,0.07,0.03,1.000,1.001,0.22,0,255.00,1,59.11,58.68,0.43,8.788,8.865,3.157,-0.009,0.049,60.43,60,0.1596
188925,8.824,8.815,8.962,8.887,8.962,8.887,0.293,60.86,0.6086,4.036,0.000,60.86,60.86,0.00,0,0,-3.04888,60.86,60.86,0.00,0,0,60.74,0.00,0.12,0.03,0.01,1.000,1.000,0.12,0,255.00,1,59.17,58.76,0.41,8.829,8.896,3.229,-0.005,0.057,60.86,61,0.3093
189052,8.866,8.859,8.976,8.914,8.976,8.914,0.294,60.97,0.6097,4.021,0.000,60.97,60.97,0.00,0,0,-3.05400,60.97,60.97,0.00,0,0,60.90,0.00,0.08,0.02,0.01,1.000,1.000,0.08,0,255.00,1,59.40,59.09,0.31,8.872,8.935,3.248,-0.005,0.042,60.97,61,-0.0267
189187,8.904,8.897,8.994,8.944,8.994,8.944,0.215,61.26,0.6126,4.004,0.000,61.26,61.26,0.00,0,0,-3.06033,61.26,61.26,0.00,0,0,61.22,0.00,0.04,0.01,0.00,1.000,1.000,0.04,0,255.00,1,59.20,58.95,0.25,8.908,8.963,3.295,-0.005,0.057,61.26,62,-0.2562
189313,8.890,8.895,8.999,8.961,8.999,8.961,0.169,61.74,0.6174,3.998,0.000,61.74,61.74,0.00,0,0,-3.06545,61.74,61.74,0.00,0,0,61.72,0.00,0.02,0.00,0.00,1.000,1.000,0.02,0,255.00,1,59.68,59.32,0.36,8.906,8.957,3.363,-0.017,0.067,61.74,61,0.3965
189443,8.954,8.936,9.000,8.974,9.000,8.974,0.131,61.62,0.6162,3.992,0.000,61.62,61.62,0.00,0,0,-3.07012,61.62,61.62,0.00,0,0,61.61,0.00,0.01,0.00,0.00,1.000,1.000,0.01,0,255.00,1,59.52,59.32,0.20,8.945,8.986,3.418,0.010,0.056,61.62,62,-0.4220
189572,8.952,8.951,8.657,8.917,8.657,8.917,-1.157,60.16,0.6016,3.966,0.000,60.16,60.16,0.00,0,0,-3.07104,60.16,60.16,0.00,0,0,60.16,0.00,0.01,0.00,0.00,1.000,1.000,0.01,0,255.00,1,45.55,45.90,-0.35,8.940,8.884,3.453,0.009,2.713,60.16,60,-0.0415
189701,8.883,8.914,8.544,8.811,8.544,8.811,-1.064,58.09,0.5809,3.918,0.000,58.09,58.09,0.00,0,0,-3.06282,58.09,58.09,0.00,0,0,58.09,0.00,0.00,0.00,0.00,1.000,1.000,0.00,0,255.00,1,45.01,45.75,-0.74,8.901,8.839,3.503,-0.019,2.329,58.09,58,-0.1844
189829,8.708,8.753,8.488,8.716,8.488,8.716,-1.067,57.91,0.5791,3.892,0.000,57.91,57.91,0.00,0,0,-3.05731,57.91,57.91,0.00,0,0,57.91,0.00,0.00,0.00,0.00,1.000,1.000,0.00,0,255.00,1,46.79,47.13,-0.34,8.739,8.671,3.762,-0.037,1.595,57.91,58,-0.3774
189960,8.650,8.655,8.433,8.606,8.433,8.606,-0.860,56.71,0.5671,3.883,0.000,56.71,56.71,0.00,0,0,-3.05406,56.71,56.71,0.00,0,0,56.71,0.00,0.00,0.00,0.00,1.000,1.000,0.00,0,255.00,1,50.29,50.65,-0.36,8.639,8.562,4.149,0.010,0.564,56.71,57,0.1370
190090,8.532,8.565,8.322,8.535,8.322,8.535,-0.780,56.25,0.5625,3.873,0.000,56.25,56.25,0.00,0,0,-3.05022,56.25,56.25,0.00,0,0,56.25,0.00,0.00,0.00,0.00,1.000,1.000,0.00,0,255.00,1,51.88,52.11,-0.22,8.548,8.468,4.338,-0.020,0.258,56.25,56,0.1040
190221,8.414,8.452,8.267,8.463,8.267,8.463,-0.716,56.12,0.5612,3.878,0.000,56.12,56.12,0.00,0,0,-3.04930,56.12,56.12,0.00,0,0,56.12,0.00,0.00,0.00,0.00,1.000,1.000,0.00,0,255.00,1,53.76,53.72,0.04,8.435,8.354,4.549,-0.024,0.068,56.12,56,0.2386
190348,8.342,8.364,8.213,8.393,8.213,8.393,-0.824,55.77,0.5577,3.897,0.000,55.77,55.77,0.00,0,0,-3.05180,55.77,55.77,0.00,0,0,55.77,0.00,0.00,0.00,0.00,1.000,1.000,0.00,0,255.00,1,53.72,53.57,0.15,8.344,8.248,4.752,-0.006,0.052,55.77,56,0.0704
190482,8.295,8.305,8.105,8.320,8.105,8.320,-0.799,55.04,0.5504,3.911,0.000,55.04,55.04,0.00,0,0,-3.05385,55.04,55.04,0.00,0,0,55.04,0.00,0.00,0.00,0.00,1.000,1.000,0.00,0,255.00,1,53.91,53.84,0.08,8.283,8.181,4.867,0.011,0.016,55.04,55,0.0312
190609,8.212,8.227,8.051,8.248,8.051,8.248,-0.723,54.54,0.5454,3.923,0.000,54.54,54.54,0.00,0,0,-3.05550,54.54,54.54,0.00,0,0,54.54,0.00,0.00,0.00,0.00,1.000,1.000,0.00,0,255.00,1,54.51,54.39,0.12,8.206,8.106,4.938,0.005,0.002,54.54,54,0.0965
190740,8.118,8.123,7.997,8.159,7.997,8.159,-0.742,54.12,0.5412,3.950,0.000,54.12,54.12,0.00,0,0,-3.06101,54.12,54.12,0.00,0,0,54.12,0.00,0.00,0.00,0.00,1.000,1.000,0.00,0,255.00,1,54.51,54.29,0.21,8.102,7.997,5.045,0.014,0.010,54.12,54,-0.0902
190866,8.015,8.041,7.944,8.093,7.944,8.093,-0.734,53.85,0.5385,3.967,0.000,53.85,53.85,0.00,0,0,-3.06520,53.85,53.85,0.00,0,0,53.85,0.00,0.00,0.00,0.00,1.000,1.000,0.00,0,255.00,1,54.49,54.17,0.31,8.020,7.917,5.082,-0.007,0.023,53.85,54,-0.2588
191000,7.940,7.963,7.839,8.031,7.839,8.031,-0.689,53.65,0.5365,3.989,0.000,53.65,53.65,0.00,0,0,-3.07090,53.65,53.65,0.00,0,0,53.65,0.00,0.00,0.00,0.00,1.000,1.000,0.00,0,255.00,1,54.87,54.46,0.41,7.943,7.844,5.125,-0.004,0.051,53.65,54,-0.0621
191127,7.894,7.906,7.786,7.962,7.786,7.962,-0.806,53.09,0.5309,4.009,0.000,53.09,53.09,0.00,0,0,-3.07682,53.09,53.09,0.00,0,0,53.09,0.00,0.00,0.00,0.00,1.000,1.000,0.00,0,255.00,1,53.36,53.03,0.33,7.884,7.774,5.146,0.008,0.019,53.09,53,0.0045
191258,7.821,7.849,7.734,7.896,7.734,7.896,-0.746,52.59,0.5259,4.021,0.000,52.59,52.59,0.00,0,0,-3.08104,52.59,52.59,0.00,0,0,52.59,0.00,0.00,0.00,0.00,1.000,1.000,0.00,0,255.00,1,53.14,52.86,0.28,7.827,7.723,5.121,-0.009,0.018,52.59,52,0.1616
191387,7.735,7.759,7.683,7.830,7.683,7.830,-0.727,52.48,0.5248,4.039,0.000,52.48,52.48,0.00,0,0,-3.08698,52.48,52.48,0.00,0,0,52.48,0.00,0.00,0.00,0.00,1.000,1.000,0.00,0,255.00,1,53.28,52.85,0.43,7.738,7.637,5.147,-0.005,0.042,52.48,53,-0.2164
191517,7.660,7.674,7.581,7.759,7.581,7.759,-0.822,52.25,0.5225,4.065,0.000,52.25,52.25,0.00,0,0,-3.09514,52.25,52.25,0.00,0,0,52.25,0.00,0.00,0.00,0.00,1.000,1.000,0.00,0,255.00,1,52.55,52.04,0.50,7.651,7.545,5.207,0.006,0.044,52.25,52,0.0855
191644,7.575,7.594,7.529,7.693,7.529,7.693,-0.754,52.07,0.5207,4.091,0.000,52.07,52.07,0.00,0,0,-3.10404,52.07,52.07,0.00,0,0,52.07,0.00,0.00,0.00,0.00,1.000,1.000,0.00,0,255.00,1,53.12,52.53,0.59,7.573,7.471,5.254,-0.001,0.079,52.07,52,-0.3810
191777,7.532,7.547,7.479,7.626,7.479,7.626,-0.729,51.52,0.5152,4.109,0.000,51.52,51.52,0.00,0,0,-3.11165,51.52,51.52,0.00,0,0,51.52,0.00,0.00,0.00,0.00,1.000,1.000,0.00,0,255.00,1,52.62,52.14,0.48,7.525,7.423,5.247,0.005,0.060,51.52,52,-0.3119
191902,7.483,7.497,7.378,7.560,7.378,7.560,-0.668,50.98,0.5098,4.121,0.000,50.98,50.98,0.00,0,0,-3.11801,50.98,50.98,0.00,0,0,50.98,0.00,0.00,0.00,0.00,1.000,1.000,0.00,0,255.00,1,52.30,51.92,0.38,7.477,7.378,5.217,0.006,0.052,50.98,51,0.2222
192033,7.367,7.410,7.329,7.494,7.329,7.494,-0.760,50.87,0.5087,4.133,0.000,50.87,50.87,0.00,0,0,-3.12412,50.87,50.87,0.00,0,0,50.87,0.00,0.00,0.00,0.00,1.000,1.000,0.00,0,255.00,1,51.32,50.82,0.50,7.389,7.290,5.202,-0.027,0.046,50.87,51,-0.3734
192160,7.294,7.313,7.279,7.427,7.279,7.427,-0.734,50.90,0.5090,4.160,0.000,50.90,50.90,0.00,0,0,-3.13407,50.90,50.90,0.00,0,0,50.90,0.00,0.00,0.00,0.00,1.000,1.000,0.00,0,255.00,1,51.91,51.23,0.68,7.293,7.197,5.276,-0.000,0.099,50.90,50,0.4852
192296,7.306,7.300,7.181,7.366,7.181,7.366,-0.673,50.10,0.5010,4.176,0.000,50.10,50.10,0.00,0,0,-3.14198,50.10,50.10,0.00,0,0,50.10,0.00,0.00,0.00,0.00,1.000,1.000,0.00,0,255.00,1,51.36,50.96,0.40,7.280,7.181,5.259,0.027,0.053,50.10,50,-0.2103
192418,7.245,7.262,7.133,7.304,7.133,7.304,-0.623,49.50,0.4950,4.175,0.000,49.50,49.50,0.00,0,0,-3.14596,49.50,49.50,0.00,0,0,49.50,0.00,0.00,0.00,0.00,1.000,1.000,0.00,0,255.00,1,50.59,50.33,0.26,7.243,7.149,5.173,0.002,0.029,49.50,50,-0.3034
192548,7.084,7.126,7.085,7.242,7.085,7.242,-0.721,50.02,0.5002,4.194,0.000,50.02,50.02,0.00,0,0,-3.15415,50.02,50.02,0.00,0,0,50.02,0.00,0.00,0.00,0.00,1.000,1.000,0.00,0,255.00,1,50.64,49.95,0.69,7.108,7.018,5.225,-0.029,0.088,50.02,50,0.2160
192672,7.084,7.085,7.036,7.165,7.036,7.165,-0.634,49.34,0.4934,4.223,0.000,49.34,49.34,0.00,0,0,-3.16661,49.34,49.34,0.00,0,0,49.34,0.00,0.00,0.00,0.00,1.000,1.000,0.00,0,255.00,1,50.66,50.17,0.48,7.066,6.975,5.263,0.018,0.069,49.34,49,0.0568
192797,7.015,7.029,6.988,7.090,6.988,7.090,-0.520,48.79,0.4879,4.229,0.000,48.79,48.79,0.00,0,0,-3.17379,48.79,48.79,0.00,0,0,48.79,0.00,0.00,0.00,0.00,1.000,1.000,0.00,0,255.00,1,50.42,50.05,0.38,7.012,6.931,5.183,0.002,0.066,48.79,49,-0.3695
192920,6.940,6.956,6.894,7.040,6.894,7.040,-0.501,48.83,0.4883,4.243,0.000,48.83,48.83,0.00,0,0,-3.18117,48.83,48.83,0.00,0,0,48.83,0.00,0.00,0.00,0.00,1.000,1.000,0.00,0,255.00,1,50.59,50.07,0.51,6.940,6.864,5.187,-0.001,0.095,48.83,49,0.2477
193049,6.882,6.893,6.847,6.974,6.847,6.974,-0.574,48.56,0.4856,4.263,0.000,48.56,48.56,0.00,0,0,-3.19143,48.56,48.56,0.00,0,0,48.56,0.00,0.00,0.00,0.00,1.000,1.000,0.00,0,255.00,1,49.64,49.15,0.49,6.877,6.797,5.180,0.003,0.061,48.56,49,0.0260
193177,6.831,6.841,6.800,6.921,6.800,6.921,-0.595,48.35,0.4835,4.277,0.000,48.35,48.35,0.00,0,0,-3.19920,48.35,48.35,0.00,0,0,48.35,0.00,0.00,0.00,0.00,1.000,1.000,0.00,0,255.00,1,49.18,48.70,0.48,6.824,6.744,5.174,0.006,0.052,48.35,48,0.4738
193307,6.797,6.810,6.754,6.870,6.754,6.870,-0.571,47.92,0.4792,4.283,0.000,47.92,47.92,0.00,0,0,-3.20500,47.92,47.92,0.00,0,0,47.92,0.00,0.00,0.00,0.00,1.000,1.000,0.00,0,255.00,1,48.62,48.26,0.36,6.794,6.714,5.130,0.003,0.030,47.92,48,-0.3929
193432,6.731,6.745,6.662,6.812,6.662,6.812,-0.685,47.74,0.4774,4.293,0.000,47.74,47.74,0.00,0,0,-3.21138,47.74,47.74,0.00,0,0,47.74,0.00,0.00,0.00,0.00,1.000,1.000,0.00,0,255.00,1,47.57,47.19,0.39,6.727,6.642,5.129,0.001,0.023,47.74,48,0.2276
193563,6.680,6.696,6.617,6.751,6.617,6.751,-0.663,47.36,0.4736,4.298,0.000,47.36,47.36,0.00,0,0,-3.21672,47.36,47.36,0.00,0,0,47.36,0.00,0.00,0.00,0.00,1.000,1.000,0.00,0,255.00,1,47.24,46.92,0.32,6.678,6.594,5.122,0.001,0.016,47.36,48,-0.2956
193689,6.617,6.631,6.527,6.696,6.527,6.696,-0.610,47.22,0.4722,4.308,0.000,47.22,47.22,0.00,0,0,-3.22279,47.22,47.22,0.00,0,0,47.22,0.00,0.00,0.00,0.00,1.000,1.000,0.00,0,255.00,1,47.54,47.16,0.38,6.615,6.534,5.144,0.002,0.026,47.22,48,-0.3012
193821,6.551,6.572,6.482,6.639,6.482,6.639,-0.567,47.01,0.4701,4.315,0.000,47.01,47.01,0.00,0,0,-3.22820,47.01,47.01,0.00,0,0,47.01,0.00,0.00,0.00,0.00,1.000,1.000,0.00,0,255.00,1,47.64,47.24,0.40,6.556,6.479,5.154,-0.005,0.035,47.01,47,-0.2725
193946,6.533,6.535,6.438,6.569,6.438,6.569,-0.596,46.38,0.4638,4.323,0.000,46.38,46.38,0.00,0,0,-3.23492,46.38,46.38,0.00,0,0,46.38,0.00,0.00,0.00,0.00,1.000,1.000,0.00,0,255.00,1,46.65,46.45,0.20,6.517,6.434,5.144,0.014,0.008,46.38,47,-0.4076
194079,6.432,6.453,6.394,6.515,6.394,6.515,-0.595,46.44,0.4644,4.331,0.000,46.44,46.44,0.00,0,0,-3.24003,46.44,46.44,0.00,0,0,46.44,0.00,0.00,0.00,0.00,1.000,1.000,0.00,0,255.00,1,46.76,46.40,0.37,6.436,6.358,5.155,-0.006,0.025,46.44,46,-0.0202
194207,6.389,6.405,6.306,6.460,6.306,6.460,-0.555,46.14,0.4614,4.337,0.000,46.14,46.14,0.00,0,0,-3.24480,46.14,46.14,0.00,0,0,46.14,0.00,0.00,0.00,0.00,1.000,1.000,0.00,0,255.00,1,46.71,46.38,0.33,6.389,6.312,5.161,-0.000,0.024,46.14,47,-0.4492
194337,6.363,6.368,6.263,6.404,6.263,6.404,-0.647,45.72,0.4572,4.342,0.000,45.72,45.72,0.00,0,0,-3.24902,45.72,45.72,0.00,0,0,45.72,0.00,0.00,0.00,0.00,1.000,1.000,0.00,0,255.00,1,45.57,45.36,0.21,6.350,6.265,5.155,0.011,0.006,45.72,45,0.2654
194462,6.297,6.296,6.220,6.330,6.220,6.330,-0.559,45.38,0.4538,4.349,0.000,45.38,45.38,0.00,0,0,-3.25472,45.38,45.38,0.00,0,0,45.38,0.00,0.00,0.00,0.00,1.000,1.000,0.00,0,255.00,1,45.83,45.63,0.21,6.280,6.200,5.166,0.018,0.010,45.38,46,-0.2080
194592,6.221,6.246,6.135,6.279,6.135,6.279,-0.512,45.15,0.4515,4.348,0.000,45.15,45.15,0.00,0,0,-3.25703,45.15,45.15,0.00,0,0,45.15,0.00,0.00,0.00,0.00,1.000,1.000,0.00,0,255.00,1,45.74,45.53,0.20,6.230,6.155,5.138,-0.010,0.013,45.15,45,0.2149
194717,6.136,6.168,6.093,6.231,6.093,6.231,-0.485,45.24,0.4524,4.356,0.000,45.24,45.24,0.00,0,0,-3.26132,45.24,45.24,0.00,0,0,45.24,0.00,0.00,0.00,0.00,1.000,1.000,0.00,0,255.00,1,46.15,45.77,0.38,6.154,6.085,5.166,-0.020,0.039,45.24,46,-0.3357
194847,6.131,6.129,6.052,6.181,6.052,6.181,-0.589,44.96,0.4496,4.371,0.000,44.96,44.96,0.00,0,0,-3.26726,44.96,44.96,0.00,0,0,44.96,0.00,0.00,0.00,0.00,1.000,1.000,0.00,0,255.00,1,45.30,44.99,0.31,6.113,6.033,5.204,0.017,0.018,44.96,45,0.1455
194977,6.102,6.103,5.969,6.128,5.969,6.128,-0.583,44.49,0.4449,4.374,0.000,44.49,44.49,0.00,0,0,-3.27075,44.49,44.49,0.00,0,0,44.49,0.00,0.00,0.00,0.00,1.000,1.000,0.00,0,255.00,1,44.66,44.51,0.15,6.086,6.004,5.176,0.017,0.004,44.49,44,0.2299
195105,6.038,6.051,5.928,6.075,5.928,6.075,-0.536,44.23,0.4423,4.372,0.000,44.23,44.23,0.00,0,0,-3.27255,44.23,44.23,0.00,0,0,44.23,0.00,0.00,0.00,0.00,1.000,1.000,0.00,0,255.00,1,44.52,44.37,0.14,6.035,5.959,5.140,0.002,0.005,44.23,44,0.0286
195231,5.951,5.978,5.887,6.022,5.887,6.022,-0.618,44.20,0.4420,4.376,0.000,44.20,44.20,0.00,0,0,-3.27556,44.20,44.20,0.00,0,0,44.20,0.00,0.00,0.00,0.00,1.000,1.000,0.00,0,255.00,1,44.03,43.77,0.25,5.961,5.882,5.154,-0.014,0.010,44.20,45,-0.4479
195361,5.936,5.946,5.847,5.967,5.847,5.967,-0.595,43.76,0.4376,4.380,0.000,43.76,43.76,0.00,0,0,-3.27834,43.76,43.76,0.00,0,0,43.76,0.00,0.00,0.00,0.00,1.000,1.000,0.00,0,255.00,1,43.68,43.56,0.12,5.930,5.848,5.159,0.006,0.002,43.76,43,0.3374
195485,5.879,5.896,5.807,5.918,5.807,5.918,-0.547,43.56,0.4356,4.382,0.000,43.56,43.56,0.00,0,0,-3.28056,43.56,43.56,0.00,0,0,43.56,0.00,0.00,0.00,0.00,1.000,1.000,0.00,0,255.00,1,43.76,43.63,0.13,5.879,5.802,5.155,-0.002,0.003,43.56,43,0.2957
195615,5.842,5.850,5.728,5.867,5.728,5.867,-0.507,43.29,0.4329,4.383,0.000,43.29,43.29,0.00,0,0,-3.28253,43.29,43.29,0.00,0,0,43.29,0.00,0.00,0.00,0.00,1.000,1.000,0.00,0,255.00,1,43.70,43.60,0.11,5.835,5.759,5.152,0.008,0.004,43.29,44,-0.4868
195740,5.787,5.797,5.688,5.817,5.688,5.817,-0.589,43.12,0.4312,4.387,0.000,43.12,43.12,0.00,0,0,-3.28483,43.12,43.12,0.00,0,0,43.12,0.00,0.00,0.00,0.00,1.000,1.000,0.00,0,255.00,1,43.02,42.90,0.12,5.780,5.700,5.159,0.005,0.002,43.12,43,0.2278
195868,5.752,5.757,5.649,5.769,5.649,5.769,-0.550,42.84,0.4284,4.389,0.000,42.84,42.84,0.00,0,0,-3.28655,42.84,42.84,0.00,0,0,42.84,0.00,0.00,0.00,0.00,1.000,1.000,0.00,0,255.00,1,42.92,42.85,0.07,5.740,5.662,5.151,0.010,0.001,42.84,43,0.1433
195996,5.696,5.706,5.572,5.716,5.572,5.716,-0.532,42.59,0.4259,4.388,0.000,42.59,42.59,0.00,0,0,-3.28762,42.59,42.59,0.00,0,0,42.59,0.00,0.00,0.00,0.00,1.000,1.000,0.00,0,255.00,1,42.72,42.66,0.06,5.690,5.613,5.141,0.005,0.001,42.59,42,0.1803
196125,5.644,5.653,5.534,5.664,5.534,5.664,-0.600,42.37,0.4237,4.388,0.000,42.37,42.37,0.00,0,0,-3.28857,42.37,42.37,0.00,0,0,42.37,0.00,0.00,0.00,0.00,1.000,1.000,0.00,0,255.00,1,42.07,42.01,0.06,5.636,5.555,5.140,0.005,0.001,42.37,43,-0.4883
196249,5.587,5.599,5.497,5.612,5.497,5.612,-0.569,42.17,0.4217,4.391,0.000,42.17,42.17,0.00,0,0,-3.28989,42.17,42.17,0.00,0,0,42.17,0.00,0.00,0.00,0.00,1.000,1.000,0.00,0,255.00,1,42.10,42.03,0.08,5.583,5.503,5.153,0.004,0.001,42.17,42,0.3031
196377,5.544,5.557,5.459,5.569,5.459,5.569,-0.500,41.98,0.4198,4.391,0.000,41.98,41.98,0.00,0,0,-3.29076,41.98,41.98,0.00,0,0,41.98,0.00,0.00,0.00,0.00,1.000,1.000,0.00,0,255.00,1,42.29,42.22,0.07,5.542,5.467,5.148,-0.000,0.002,41.98,42,0.3614
196504,5.497,5.506,5.385,5.510,5.385,5.510,-0.446,41.66,0.4166,4.390,0.000,41.66,41.66,0.00,0,0,-3.29123,41.66,41.66,0.00,0,0,41.66,0.00,0.00,0.00,0.00,1.000,1.000,0.00,0,255.00,1,42.17,42.13,0.03,5.491,5.421,5.124,0.005,0.004,41.66,41,0.3453
196634,5.445,5.460,5.348,5.465,5.348,5.465,-0.533,41.47,0.4147,4.389,0.000,41.47,41.47,0.00,0,0,-3.29115,41.47,41.47,0.00,0,0,41.47,0.00,0.00,0.00,0.00,1.000,1.000,0.00,0,255.00,1,41.36,41.33,0.03,5.444,5.369,5.105,-0.002,0.000,41.47,42,-0.2255
196758,5.394,5.407,5.312,5.421,5.312,5.421,-0.501,41.37,0.4137,4.392,0.000,41.37,41.37,0.00,0,0,-3.29213,41.37,41.37,0.00,0,0,41.37,0.00,0.00,0.00,0.00,1.000,1.000,0.00,0,255.00,1,41.51,41.42,0.08,5.393,5.321,5.115,-0.001,0.001,41.37,41,-0.0207
196887,5.365,5.374,5.276,5.377,5.276,5.377,-0.496,41.08,0.4108,4.394,0.000,41.08,41.08,0.00,0,0,-3.29272,41.08,41.08,0.00,0,0,41.08,0.00,0.00,0.00,0.00,1.000,1.000,0.00,0,255.00,1,41.19,41.17,0.02,5.359,5.286,5.107,0.005,0.000,41.08,42,-0.4734
197015,5.352,5.352,5.204,5.331,5.204,5.331,-0.460,40.65,0.4065,4.389,0.000,40.65,40.65,0.00,0,0,-3.29166,40.65,40.65,0.00,0,0,40.65,0.00,0.00,0.00,0.00,1.000,1.000,0.00,0,255.00,1,40.77,40.89,-0.12,5.337,5.265,5.071,0.015,0.003,40.65,41,-0.0443
197145,5.290,5.299,5.169,5.285,5.169,5.285,-0.533,40.52,0.4052,4.385,0.000,40.52,40.52,0.00,0,0,-3.29046,40.52,40.52,0.00,0,0,40.52,0.00,0.00,0.00,0.00,1.000,1.000,0.00,0,255.00,1,40.14,40.23,-0.09,5.283,5.208,5.054,0.005,0.004,40.52,41,-0.2710
197273,5.244,5.249,5.134,5.238,5.134,5.238,-0.515,40.35,0.4035,4.385,0.000,40.35,40.35,0.00,0,0,-3.29029,40.35,40.35,0.00,0,0,40.35,0.00,0.00,0.00,0.00,1.000,1.000,0.00,0,255.00,1,40.15,40.21,-0.06,5.233,5.159,5.068,0.011,0.002,40.35,40,0.2229
197405,5.209,5.216,5.065,5.195,5.065,5.195,-0.474,40.07,0.4007,4.382,0.000,40.07,40.07,0.00,0,0,-3.28915,40.07,40.07,0.00,0,0,40.07,0.00,0.00,0.00,0.00,1.000,1.000,0.00,0,255.00,1,40.03,40.15,-0.12,5.201,5.128,5.056,0.008,0.003,40.07,40,-0.1625
197531,5.133,5.149,5.031,5.137,5.031,5.137,-0.486,39.89,0.3989,4.379,0.000,39.89,39.89,0.00,0,0,-3.28746,39.89,39.89,0.00,0,0,39.89,0.00,0.00,0.00,0.00,1.000,1.000,0.00,0,255.00,1,39.77,39.84,-0.07,5.134,5.063,5.049,-0.003,0.001,39.89,40,-0.3145
197661,5.096,5.111,4.997,5.094,4.997,5.094,-0.477,39.64,0.3964,4.375,0.000,39.64,39.64,0.00,0,0,-3.28564,39.64,39.64,0.00,0,0,39.64,0.00,0.00,0.00,0.00,1.000,1.000,0.00,0,255.00,1,39.52,39.62,-0.10,5.096,5.025,5.035,-0.001,0.002,39.64,40,-0.2679
197791,5.064,5.072,4.930,5.053,4.930,5.053,-0.442,39.45,0.3945,4.372,0.000,39.45,39.45,0.00,0,0,-3.28393,39.45,39.45,0.00,0,0,39.45,0.00,0.00,0.00,0.00,1.000,1.000,0.00,0,255.00,1,39.50,39.60,-0.11,5.058,4.989,5.027,0.005,0.002,39.45,39,0.2531
197922,5.028,5.036,4.897,5.012,4.897,5.012,-0.416,39.22,0.3922,4.369,0.000,39.22,39.22,0.00,0,0,-3.28205,39.22,39.22,0.00,0,0,39.22,0.00,0.00,0.00,0.00,1.000,1.000,0.00,0,255.00,1,39.37,39.50,-0.14,5.022,4.955,5.017,0.006,0.003,39.22,39,0.1617
198049,4.977,4.993,4.865,4.971,4.865,4.971,-0.484,39.04,0.3904,4.365,0.000,39.04,39.04,0.00,0,0,-3.27996,39.04,39.04,0.00,0,0,39.04,0.00,0.00,0.00,0.00,1.000,1.000,0.00,0,255.00,1,38.75,38.89,-0.14,4.979,4.907,5.006,-0.004,0.005,39.04,39,0.4569
198184,4.930,4.939,4.800,4.915,4.800,4.915,-0.417,38.78,0.3878,4.361,0.000,38.78,38.78,0.00,0,0,-3.27722,38.78,38.78,0.00,0,0,38.78,0.00,0.00,0.00,0.00,1.000,1.000,0.00,0,255.00,1,38.87,39.00,-0.14,4.925,4.859,5.000,0.005,0.003,38.78,39,-0.0139
198311,4.899,4.907,4.768,4.877,4.768,4.877,-0.388,38.54,0.3854,4.356,0.000,38.54,38.54,0.00,0,0,-3.27439,38.54,38.54,0.00,0,0,38.54,0.00,0.00,0.00,0.00,1.000,1.000,0.00,0,255.00,1,38.70,38.88,-0.17,4.894,4.829,4.980,0.005,0.005,38.54,39,-0.2465
198442,4.871,4.878,4.737,4.837,4.737,4.837,-0.460,38.26,0.3826,4.349,0.000,38.26,38.26,0.00,0,0,-3.27113,38.26,38.26,0.00,0,0,38.26,0.00,0.00,0.00,0.00,1.000,1.000,0.00,0,255.00,1,37.91,38.15,-0.24,4.864,4.793,4.956,0.006,0.014,38.26,38,-0.1482
198571,4.807,4.828,4.705,4.797,4.705,4.797,-0.452,38.15,0.3815,4.343,0.000,38.15,38.15,0.00,0,0,-3.26781,38.15,38.15,0.00,0,0,38.15,0.00,0.00,0.00,0.00,1.000,1.000,0.00,0,255.00,1,37.83,38.02,-0.19,4.814,4.747,4.944,-0.009,0.009,38.15,38,0.3534
198702,4.783,4.791,4.644,4.755,4.644,4.755,-0.412,37.92,0.3792,4.339,0.000,37.92,37.92,0.00,0,0,-3.26466,37.92,37.92,0.00,0,0,37.92,0.00,0.00,0.00,0.00,1.000,1.000,0.00,0,255.00,1,37.82,38.04,-0.21,4.778,4.712,4.944,0.005,0.008,37.92,38,0.3184
198829,4.743,4.753,4.613,4.715,4.613,4.715,-0.469,37.72,0.3772,4.334,0.000,37.72,37.72,0.00,0,0,-3.26148,37.72,37.72,0.00,0,0,37.72,0.00,0.00,0.00,0.00,1.000,1.000,0.00,0,255.00,1,37.31,37.53,-0.23,4.738,4.668,4.942,0.003,0.013,37.72,38,-0.2715
198960,4.705,4.722,4.583,4.674,4.583,4.674,-0.450,37.43,0.3743,4.326,0.000,37.43,37.43,0.00,0,0,-3.25732,37.43,37.43,0.00,0,0,37.43,0.00,0.00,0.00,0.00,1.000,1.000,0.00,0,255.00,1,37.04,37.32,-0.28,4.707,4.638,4.921,-0.003,0.018,37.43,37,0.2612
199089,4.687,4.693,4.524,4.636,4.524,4.636,-0.412,37.16,0.3716,4.316,0.000,37.16,37.16,0.00,0,0,-3.25240,37.16,37.16,0.00,0,0,37.16,0.00,0.00,0.00,0.00,1.000,1.000,0.00,0,255.00,1,36.87,37.21,-0.34,4.679,4.612,4.894,0.008,0.022,37.16,37,-0.0213
199218,4.625,4.644,4.494,4.599,4.494,4.599,-0.378,37.07,0.3707,4.308,0.000,37.07,37.07,0.00,0,0,-3.24780,37.07,37.07,0.00,0,0,37.07,0.00,0.00,0.00,0.00,1.000,1.000,0.00,0,255.00,1,36.98,37.25,-0.27,4.631,4.568,4.886,-0.007,0.013,37.07,37,0.2102
199343,4.587,4.599,4.465,4.561,4.465,4.561,-0.440,36.96,0.3696,4.305,0.000,36.96,36.96,0.00,0,0,-3.24424,36.96,36.96,0.00,0,0,36.96,0.00,0.00,0.00,0.00,1.000,1.000,0.00,0,255.00,1,36.61,36.84,-0.23,4.585,4.518,4.900,-0.000,0.012,36.96,37,0.2203
199474,4.569,4.576,4.437,4.522,4.437,4.522,-0.422,36.63,0.3663,4.298,0.000,36.63,36.63,0.00,0,0,-3.23977,36.63,36.63,0.00,0,0,36.63,0.00,0.00,0.00,0.00,1.000,1.000,0.00,0,255.00,1,36.31,36.63,-0.32,4.562,4.494,4.885,0.007,0.021,36.63,36,0.4126
199598,4.520,4.535,4.380,4.484,4.380,4.484,-0.385,36.46,0.3646,4.291,0.000,36.46,36.46,0.00,0,0,-3.23503,36.46,36.46,0.00,0,0,36.46,0.00,0.00,0.00,0.00,1.000,1.000,0.00,0,255.00,1,36.33,36.63,-0.30,4.522,4.457,4.872,-0.003,0.017,36.46,37,-0.0487
199729,4.509,4.511,4.352,4.446,4.352,4.446,-0.435,36.16,0.3616,4.282,0.000,36.16,36.16,0.00,0,0,-3.22975,36.16,36.16,0.00,0,0,36.16,0.00,0.00,0.00,0.00,1.000,1.000,0.00,0,255.00,1,35.66,36.05,-0.39,4.497,4.427,4.850,0.011,0.032,36.16,36,-0.2312
199855,4.470,4.478,4.325,4.400,4.325,4.400,-0.372,35.79,0.3579,4.266,0.000,35.79,35.79,0.00,0,0,-3.22162,35.79,35.79,0.00,0,0,35.79,0.00,0.00,0.00,0.00,1.000,1.000,0.00,0,255.00,1,35.47,35.93,-0.46,4.465,4.399,4.806,0.005,0.040,35.79,36,-0.3336
199990,4.420,4.430,4.270,4.359,4.270,4.359,-0.314,35.61,0.3561,4.251,0.000,35.61,35.61,0.00,0,0,-3.21300,35.61,35.61,0.00,0,0,35.61,0.00,0.00,0.00,0.00,1.000,1.000,0.00,0,255.00,1,35.53,35.95,-0.41,4.418,4.359,4.772,0.002,0.029,35.61,35,0.4340
200116,4.363,4.381,4.244,4.321,4.244,4.321,-0.263,35.50,0.3550,4.239,0.000,35.50,35.50,0.00,0,0,-3.20502,35.50,35.50,0.00,0,0,35.50,0.00,0.00,0.00,0.00,1.000,1.000,0.00,0,255.00,1,35.68,36.03,-0.34,4.370,4.317,4.755,-0.008,0.019,35.50,35,0.4802
200246,4.333,4.341,4.217,4.293,4.217,4.293,-0.343,35.45,0.3545,4.237,0.000,35.45,35.45,0.00,0,0,-3.20043,35.45,35.45,0.00,0,0,35.45,0.00,0.00,0.00,0.00,1.000,1.000,0.00,0,255.00,1,35.29,35.57,-0.28,4.329,4.272,4.764,0.002,0.015,35.45,36,-0.0997
200373,4.304,4.314,4.191,4.265,4.191,4.265,-0.334,35.30,0.3530,4.236,0.000,35.30,35.30,0.00,0,0,-3.19629,35.30,35.30,0.00,0,0,35.30,0.00,0.00,0.00,0.00,1.000,1.000,0.00,0,255.00,1,35.20,35.49,-0.29,4.302,4.244,4.765,0.001,0.015,35.30,35,0.0305
200503,4.306,4.300,4.140,4.223,4.140,4.223,-0.294,34.82,0.3482,4.222,0.000,34.82,34.82,0.00,0,0,-3.18819,34.82,34.82,0.00,0,0,34.82,0.00,0.00,0.00,0.00,1.000,1.000,0.00,0,255.00,1,34.71,35.17,-0.45,4.288,4.231,4.710,0.018,0.035,34.82,35,0.0056
200630,4.249,4.256,4.114,4.183,4.114,4.183,-0.337,34.63,0.3463,4.207,0.000,34.63,34.63,0.00,0,0,-3.17918,34.63,34.63,0.00,0,0,34.63,0.00,0.00,0.00,0.00,1.000,1.000,0.00,0,255.00,1,34.17,34.60,-0.44,4.244,4.187,4.665,0.004,0.039,34.63,35,-0.1921
200760,4.203,4.215,4.089,4.156,4.089,4.156,-0.305,34.61,0.3461,4.199,0.000,34.61,34.61,0.00,0,0,-3.17331,34.61,34.61,0.00,0,0,34.61,0.00,0.00,0.00,0.00,1.000,1.000,0.00,0,255.00,1,34.37,34.71,-0.35,4.204,4.151,4.662,-0.003,0.022,34.61,35,-0.3963
200886,4.183,4.189,4.065,4.128,4.065,4.128,-0.312,34.44,0.3444,4.195,0.000,34.44,34.44,0.00,0,0,-3.16806,34.44,34.44,0.00,0,0,34.44,0.00,0.00,0.00,0.00,1.000,1.000,0.00,0,255.00,1,34.19,34.54,-0.36,4.178,4.124,4.664,0.004,0.024,34.44,34,0.1486
201015,4.159,4.170,4.016,4.099,4.016,4.099,-0.298,34.19,0.3419,4.185,0.000,34.19,34.19,0.00,0,0,-3.16157,34.19,34.19,0.00,0,0,34.19,0.00,0.00,0.00,0.00,1.000,1.000,0.00,0,255.00,1,33.91,34.33,-0.42,4.158,4.104,4.636,-0.000,0.032,34.19,34,-0.1601
201142,4.129,4.138,3.992,4.069,3.992,4.069,-0.352,34.04,0.3404,4.176,0.000,34.04,34.04,0.00,0,0,-3.15523,34.04,34.04,0.00,0,0,34.04,0.00,0.00,0.00,0.00,1.000,1.000,0.00,0,255.00,1,33.46,33.87,-0.42,4.127,4.070,4.622,0.001,0.038,34.04,34,0.0899
201273,4.090,4.101,3.969,4.031,3.969,4.031,-0.307,33.83,0.3383,4.166,0.000,33.83,33.83,0.00,0,0,-3.14727,33.83,33.83,0.00,0,0,33.83,0.00,0.00,0.00,0.00,1.000,1.000,0.00,0,255.00,1,33.50,33.91,-0.41,4.089,4.035,4.615,-0.000,0.032,33.83,34,-0.1618
201393,4.084,4.087,3.945,4.002,3.945,4.002,-0.290,33.53,0.3353,4.153,0.000,33.53,33.53,0.00,0,0,-3.13988,33.53,33.53,0.00,0,0,33.53,0.00,0.00,0.00,0.00,1.000,1.000,0.00,0,255.00,1,33.16,33.66,-0.50,4.076,4.022,4.581,0.008,0.047,33.53,34,-0.3429
201525,4.038,4.042,3.899,3.968,3.899,3.968,-0.237,33.43,0.3343,4.142,0.000,33.43,33.43,0.00,0,0,-3.13124,33.43,33.43,0.00,0,0,33.43,0.00,0.00,0.00,0.00,1.000,1.000,0.00,0,255.00,1,33.37,33.80,-0.43,4.032,3.983,4.574,0.006,0.031,33.43,34,-0.2981
201652,4.014,4.019,3.877,3.943,3.877,3.943,-0.300,33.26,0.3326,4.133,0.000,33.26,33.26,0.00,0,0,-3.12469,33.26,33.26,0.00,0,0,33.26,0.00,0.00,0.00,0.00,1.000,1.000,0.00,0,255.00,1,32.84,33.29,-0.45,4.008,3.955,4.559,0.004,0.040,33.26,34,-0.2896
201786,3.989,3.990,3.855,3.908,3.855,3.908,-0.268,32.99,0.3299,4.119,0.000,32.99,32.99,0.00,0,0,-3.11529,32.99,32.99,0.00,0,0,32.99,0.00,0.00,0.00,0.00,1.000,1.000,0.00,0,255.00,1,32.67,33.16,-0.49,3.980,3.928,4.530,0.009,0.044,32.99,33,0.1384
201918,3.950,3.957,3.811,3.885,3.811,3.885,-0.256,32.94,0.3294,4.111,0.000,32.94,32.94,0.00,0,0,-3.10871,32.94,32.94,0.00,0,0,32.94,0.00,0.00,0.00,0.00,1.000,1.000,0.00,0,255.00,1,32.70,33.13,-0.42,3.947,3.898,4.522,0.002,0.033,32.94,33,0.0829
202049,3.922,3.930,3.790,3.852,3.790,3.852,-0.282,32.69,0.3269,4.101,0.000,32.69,32.69,0.00,0,0,-3.09999,32.69,32.69,0.00,0,0,32.69,0.00,0.00,0.00,0.00,1.000,1.000,0.00,0,255.00,1,32.28,32.75,-0.47,3.920,3.869,4.505,0.001,0.042,32.69,32,0.3593
202176,3.892,3.901,3.769,3.826,3.769,3.826,-0.283,32.58,0.3258,4.091,0.000,32.58,32.58,0.00,0,0,-3.09294,32.58,32.58,0.00,0,0,32.58,0.00,0.00,0.00,0.00,1.000,1.000,0.00,0,255.00,1,32.13,32.58,-0.44,3.891,3.841,4.486,0.001,0.039,32.58,32,0.1422
202306,3.872,3.871,3.728,3.793,3.728,3.793,-0.231,32.36,0.3236,4.080,0.000,32.36,32.36,0.00,0,0,-3.08404,32.36,32.36,0.00,0,0,32.36,0.00,0.00,0.00,0.00,1.000,1.000,0.00,0,255.00,1,32.18,32.64,-0.46,3.861,3.814,4.477,0.011,0.036,32.36,32,-0.0280
202432,3.836,3.842,3.708,3.762,3.708,3.762,-0.264,32.13,0.3213,4.065,0.000,32.13,32.13,0.00,0,0,-3.07425,32.13,32.13,0.00,0,0,32.13,0.00,0.00,0.00,0.00,1.000,1.000,0.00,0,255.00,1,31.71,32.19,-0.48,3.832,3.783,4.446,0.004,0.044,32.13,32,-0.2234
202566,3.807,3.817,3.688,3.739,3.688,3.739,-0.251,32.02,0.3202,4.055,0.000,32.02,32.02,0.00,0,0,-3.06706,32.02,32.02,0.00,0,0,32.02,0.00,0.00,0.00,0.00,1.000,1.000,0.00,0,255.00,1,31.64,32.11,-0.46,3.807,3.760,4.431,-0.001,0.041,32.02,32,-0.0803
202695,3.787,3.796,3.649,3.717,3.649,3.717,-0.243,31.87,0.3187,4.045,0.000,31.87,31.87,0.00,0,0,-3.05974,31.87,31.87,0.00,0,0,31.87,0.00,0.00,0.00,0.00,1.000,1.000,0.00,0,255.00,1,31.51,31.98,-0.47,3.786,3.740,4.414,0.000,0.041,31.87,32,-0.3965
202826,3.772,3.772,3.630,3.693,3.630,3.693,-0.288,31.72,0.3172,4.036,0.000,31.72,31.72,0.00,0,0,-3.05280,31.72,31.72,0.00,0,0,31.72,0.00,0.00,0.00,0.00,1.000,1.000,0.00,0,255.00,1,31.14,31.62,-0.48,3.762,3.712,4.407,0.009,0.048,31.72,32,-0.0338
202954,3.749,3.754,3.611,3.669,3.611,3.669,-0.268,31.53,0.3153,4.027,0.000,31.53,31.53,0.00,0,0,-3.04554,31.53,31.53,0.00,0,0,31.53,0.00,0.00,0.00,0.00,1.000,1.000,0.00,0,255.00,1,31.03,31.53,-0.50,3.744,3.695,4.392,0.004,0.050,31.53,32,-0.1892
203092,3.709,3.717,3.574,3.646,3.574,3.646,-0.264,31.51,0.3151,4.020,0.000,31.51,31.51,0.00,0,0,-3.03894,31.51,31.51,0.00,0,0,31.51,0.00,0.00,0.00,0.00,1.000,1.000,0.00,0,255.00,1,31.09,31.51,-0.43,3.708,3.660,4.395,0.001,0.036,31.51,31,0.4258
203220,3.692,3.702,3.556,3.620,3.556,3.620,-0.295,31.27,0.3127,4.010,0.000,31.27,31.27,0.00,0,0,-3.03184,31.27,31.27,0.00,0,0,31.27,0.00,0.00,0.00,0.00,1.000,1.000,0.00,0,255.00,1,30.66,31.15,-0.49,3.691,3.640,4.382,-0.000,0.051,31.27,31,0.4681
203350,3.663,3.678,3.539,3.596,3.539,3.596,-0.265,31.13,0.3113,3.998,0.000,31.13,31.13,0.00,0,0,-3.02403,31.13,31.13,0.00,0,0,31.13,0.00,0.00,0.00,0.00,1.000,1.000,0.00,0,255.00,1,30.62,31.11,-0.48,3.668,3.620,4.359,-0.007,0.047,31.13,31,-0.1404
203477,3.657,3.660,3.521,3.573,3.521,3.573,-0.257,30.94,0.3094,3.987,0.000,30.94,30.94,0.00,0,0,-3.01647,30.94,30.94,0.00,0,0,30.94,0.00,0.00,0.00,0.00,1.000,1.000,0.00,0,255.00,1,30.45,30.97,-0.52,3.650,3.602,4.346,0.007,0.052,30.94,31,-0.1076
203610,3.623,3.626,3.487,3.544,3.487,3.544,-0.203,30.80,0.3080,3.975,0.000,30.80,30.80,0.00,0,0,-3.00674,30.80,30.80,0.00,0,0,30.80,0.00,0.00,0.00,0.00,1.000,1.000,0.00,0,255.00,1,30.61,31.09,-0.48,3.617,3.573,4.339,0.006,0.040,30.80,30,0.3748
203736,3.611,3.611,3.471,3.518,3.471,3.518,-0.216,30.53,0.3053,3.961,0.000,30.53,30.53,0.00,0,0,-2.99671,30.53,30.53,0.00,0,0,30.53,0.00,0.00,0.00,0.00,1.000,1.000,0.00,0,255.00,1,30.19,30.74,-0.55,3.602,3.556,4.309,0.009,0.054,30.53,30,0.0798
203868,3.576,3.578,3.455,3.493,3.455,3.493,-0.192,30.42,0.3042,3.948,0.000,30.42,30.42,0.00,0,0,-2.98678,30.42,30.42,0.00,0,0,30.42,0.00,0.00,0.00,0.00,1.000,1.000,0.00,0,255.00,1,30.18,30.69,-0.50,3.570,3.527,4.286,0.007,0.044,30.42,30,0.1148
203993,3.540,3.552,3.423,3.475,3.423,3.475,-0.182,30.37,0.3037,3.940,0.000,30.37,30.37,0.00,0,0,-2.97960,30.37,30.37,0.00,0,0,30.37,0.00,0.00,0.00,0.00,1.000,1.000,0.00,0,255.00,1,30.19,30.64,-0.45,3.544,3.504,4.274,-0.005,0.036,30.37,30,0.2766
204123,3.516,3.521,3.408,3.450,3.408,3.450,-0.207,30.27,0.3027,3.932,0.000,30.27,30.27,0.00,0,0,-2.97099,30.27,30.27,0.00,0,0,30.27,0.00,0.00,0.00,0.00,1.000,1.000,0.00,0,255.00,1,30.01,30.43,-0.42,3.512,3.471,4.272,0.004,0.032,30.27,31,-0.4517
204250,3.502,3.507,3.393,3.429,3.393,3.429,-0.176,30.05,0.3005,3.919,0.000,30.05,30.05,0.00,0,0,-2.96139,30.05,30.05,0.00,0,0,30.05,0.00,0.00,0.00,0.00,1.000,1.000,0.00,0,255.00,1,29.84,30.30,-0.46,3.499,3.460,4.235,0.003,0.037,30.05,30,-0.0847
204385,3.493,3.496,3.378,3.409,3.378,3.409,-0.155,29.81,0.2981,3.903,0.000,29.81,29.81,0.00,0,0,-2.95104,29.81,29.81,0.00,0,0,29.81,0.00,0.00,0.00,0.00,1.000,1.000,0.00,0,255.00,1,29.57,30.08,-0.51,3.488,3.450,4.188,0.005,0.046,29.81,29,0.4321
204514,3.444,3.457,3.349,3.395,3.349,3.395,-0.157,29.92,0.2992,3.897,0.000,29.92,29.92,0.00,0,0,-2.94446,29.92,29.92,0.00,0,0,29.92,0.00,0.00,0.00,0.00,1.000,1.000,0.00,0,255.00,1,29.75,30.12,-0.37,3.450,3.417,4.188,-0.007,0.023,29.92,30,0.0157
204644,3.440,3.446,3.335,3.378,3.335,3.378,-0.197,29.77,0.2977,3.892,0.000,29.77,29.77,0.00,0,0,-2.93835,29.77,29.77,0.00,0,0,29.77,0.00,0.00,0.00,0.00,1.000,1.000,0.00,0,255.00,1,29.41,29.81,-0.40,3.438,3.400,4.186,0.001,0.031,29.77,29,0.4204
204772,3.441,3.437,3.322,3.361,3.322,3.361,-0.192,29.59,0.2959,3.885,0.000,29.59,29.59,0.00,0,0,-2.93192,29.59,29.59,0.00,0,0,29.59,0.00,0.00,0.00,0.00,1.000,1.000,0.00,0,255.00,1,29.22,29.67,-0.45,3.429,3.390,4.173,0.013,0.038,29.59,29,0.4072
204903,3.402,3.406,3.295,3.338,3.295,3.338,-0.156,29.51,0.2951,3.874,0.000,29.51,29.51,0.00,0,0,-2.92313,29.51,29.51,0.00,0,0,29.51,0.00,0.00,0.00,0.00,1.000,1.000,0.00,0,255.00,1,29.32,29.72,-0.40,3.399,3.365,4.157,0.002,0.028,29.51,29,0.4559
205027,3.402,3.404,3.282,3.324,3.282,3.324,-0.146,29.30,0.2930,3.865,0.000,29.30,29.30,0.00,0,0,-2.91619,29.30,29.30,0.00,0,0,29.30,0.00,0.00,0.00,0.00,1.000,1.000,0.00,0,255.00,1,29.07,29.54,-0.47,3.396,3.361,4.132,0.005,0.039,29.30,30,-0.4782
205158,3.387,3.383,3.270,3.309,3.270,3.309,-0.178,29.25,0.2925,3.858,0.000,29.25,29.25,0.00,0,0,-2.90995,29.25,29.25,0.00,0,0,29.25,0.00,0.00,0.00,0.00,1.000,1.000,0.00,0,255.00,1,28.89,29.33,-0.44,3.375,3.339,4.126,0.012,0.036,29.25,29,0.4723
205288,3.360,3.363,3.246,3.289,3.246,3.289,-0.160,29.11,0.2911,3.848,0.000,29.11,29.11,0.00,0,0,-2.90147,29.11,29.11,0.00,0,0,29.11,0.00,0.00,0.00,0.00,1.000,1.000,0.00,0,255.00,1,28.82,29.25,-0.44,3.356,3.322,4.108,0.004,0.035,29.11,29,0.2210
205418,3.357,3.355,3.234,3.275,3.234,3.275,-0.146,28.95,0.2895,3.838,0.000,28.95,28.95,0.00,0,0,-2.89469,28.95,28.95,0.00,0,0,28.95,0.00,0.00,0.00,0.00,1.000,1.000,0.00,0,255.00,1,28.66,29.13,-0.47,3.348,3.314,4.086,0.009,0.040,28.95,29,0.2984
205543,3.332,3.329,3.222,3.260,3.222,3.260,-0.174,28.95,0.2895,3.833,0.000,28.95,28.95,0.00,0,0,-2.88874,28.95,28.95,0.00,0,0,28.95,0.00,0.00,0.00,0.00,1.000,1.000,0.00,0,255.00,1,28.58,28.99,-0.41,3.322,3.288,4.086,0.010,0.032,28.95,29,0.3067
205674,3.309,3.312,3.212,3.245,3.212,3.245,-0.164,28.87,0.2887,3.827,0.000,28.87,28.87,0.00,0,0,-2.88291,28.87,28.87,0.00,0,0,28.87,0.00,0.00,0.00,0.00,1.000,1.000,0.00,0,255.00,1,28.57,28.96,-0.40,3.305,3.271,4.083,0.004,0.029,28.87,29,0.0553
205799,3.293,3.297,3.190,3.230,3.190,3.230,-0.148,28.76,0.2876,3.820,0.000,28.76,28.76,0.00,0,0,-2.87684,28.76,28.76,0.00,0,0,28.76,0.00,0.00,0.00,0.00,1.000,1.000,0.00,0,255.00,1,28.53,28.92,-0.40,3.291,3.258,4.072,0.002,0.028,28.76,28,0.4420
205932,3.290,3.285,3.180,3.213,3.180,3.213,-0.118,28.60,0.2860,3.810,0.000,28.60,28.60,0.00,0,0,-2.86877,28.60,28.60,0.00,0,0,28.60,0.00,0.00,0.00,0.00,1.000,1.000,0.00,0,255.00,1,28.47,28.89,-0.42,3.279,3.248,4.053,0.011,0.030,28.60,28,0.1824
206058,3.263,3.266,3.170,3.200,3.170,3.200,-0.148,28.56,0.2856,3.803,0.000,28.56,28.56,0.00,0,0,-2.86281,28.56,28.56,0.00,0,0,28.56,0.00,0.00,0.00,0.00,1.000,1.000,0.00,0,255.00,1,28.28,28.67,-0.39,3.260,3.228,4.040,0.003,0.028,28.56,29,-0.0542
206193,3.244,3.246,3.151,3.182,3.151,3.182,-0.110,28.43,0.2843,3.792,0.000,28.43,28.43,0.00,0,0,-2.85324,28.43,28.43,0.00,0,0,28.43,0.00,0.00,0.00,0.00,1.000,1.000,0.00,0,255.00,1,28.31,28.69,-0.38,3.241,3.212,4.020,0.003,0.024,28.43,28,0.3978
206320,3.237,3.236,3.142,3.171,3.142,3.171,-0.131,28.33,0.2833,3.785,0.000,28.33,28.33,0.00,0,0,-2.84740,28.33,28.33,0.00,0,0,28.33,0.00,0.00,0.00,0.00,1.000,1.000,0.00,0,255.00,1,28.08,28.46,-0.39,3.230,3.201,4.003,0.007,0.027,28.33,29,-0.4985
206453,3.230,3.223,3.133,3.157,3.133,3.157,-0.111,28.22,0.2822,3.777,0.000,28.22,28.22,0.00,0,0,-2.84007,28.22,28.22,0.00,0,0,28.22,0.00,0.00,0.00,0.00,1.000,1.000,0.00,0,255.00,1,28.04,28.43,-0.39,3.218,3.190,3.987,0.012,0.026,28.22,29,-0.2846
206586,3.194,3.202,3.116,3.147,3.116,3.147,-0.114,28.24,0.2824,3.770,0.000,28.24,28.24,0.00,0,0,-2.83454,28.24,28.24,0.00,0,0,28.24,0.00,0.00,0.00,0.00,1.000,1.000,0.00,0,255.00,1,28.04,28.37,-0.32,3.197,3.171,3.974,-0.004,0.019,28.24,28,0.3344
206719,3.184,3.187,3.108,3.132,3.108,3.132,-0.121,28.14,0.2814,3.764,0.000,28.14,28.14,0.00,0,0,-2.82782,28.14,28.14,0.00,0,0,28.14,0.00,0.00,0.00,0.00,1.000,1.000,0.00,0,255.00,1,27.92,28.24,-0.32,3.182,3.156,3.968,0.002,0.019,28.14,28,-0.0182
206843,3.178,3.181,3.100,3.123,3.100,3.123,-0.106,28.03,0.2803,3.758,0.000,28.03,28.03,0.00,0,0,-2.82271,28.03,28.03,0.00,0,0,28.03,0.00,0.00,0.00,0.00,1.000,1.000,0.00,0,255.00,1,27.86,28.20,-0.34,3.176,3.150,3.955,0.002,0.020,28.03,28,0.1839
206975,3.163,3.165,3.093,3.109,3.093,3.109,-0.080,27.93,0.2793,3.749,0.000,27.93,27.93,0.00,0,0,-2.81415,27.93,27.93,0.00,0,0,27.93,0.00,0.00,0.00,0.00,1.000,1.000,0.00,0,255.00,1,27.84,28.17,-0.33,3.160,3.138,3.932,0.003,0.018,27.93,28,0.0138
207101,3.144,3.156,3.079,3.101,3.079,3.101,-0.076,27.87,0.2787,3.741,0.000,27.87,27.87,0.00,0,0,-2.80862,27.87,27.87,0.00,0,0,27.87,0.00,0.00,0.00,0.00,1.000,1.000,0.00,0,255.00,1,27.75,28.07,-0.32,3.151,3.130,3.908,-0.008,0.018,27.87,28,-0.4907
207234,3.132,3.144,3.072,3.093,3.072,3.093,-0.096,27.83,0.2783,3.735,0.000,27.83,27.83,0.00,0,0,-2.80350,27.83,27.83,0.00,0,0,27.83,0.00,0.00,0.00,0.00,1.000,1.000,0.00,0,255.00,1,27.61,27.91,-0.30,3.140,3.118,3.897,-0.008,0.017,27.83,28,-0.0941
207361,3.135,3.137,3.066,3.083,3.066,3.083,-0.083,27.71,0.2771,3.729,0.000,27.71,27.71,0.00,0,0,-2.79745,27.71,27.71,0.00,0,0,27.71,0.00,0.00,0.00,0.00,1.000,1.000,0.00,0,255.00,1,27.56,27.88,-0.32,3.133,3.111,3.892,0.002,0.018,27.71,28,0.0185
207492,3.112,3.114,3.054,3.072,3.054,3.072,-0.061,27.72,0.2772,3.726,0.000,27.72,27.72,0.00,0,0,-2.79096,27.72,27.72,0.00,0,0,27.72,0.00,0.00,0.00,0.00,1.000,1.000,0.00,0,255.00,1,27.73,27.98,-0.25,3.110,3.092,3.894,0.002,0.010,27.72,28,-0.2321
207619,3.105,3.105,3.049,3.063,3.049,3.063,-0.061,27.63,0.2763,3.721,0.000,27.63,27.63,0.00,0,0,-2.78466,27.63,27.63,0.00,0,0,27.63,0.00,0.00,0.00,0.00,1.000,1.000,0.00,0,255.00,1,27.61,27.86,-0.25,3.102,3.084,3.876,0.003,0.010,27.63,27,0.1371
207747,3.104,3.104,3.044,3.057,3.044,3.057,-0.060,27.54,0.2754,3.716,0.000,27.54,27.54,0.00,0,0,-2.78049,27.54,27.54,0.00,0,0,27.54,0.00,0.00,0.00,0.00,1.000,1.000,0.00,0,255.00,1,27.46,27.73,-0.28,3.101,3.083,3.853,0.003,0.013,27.54,28,-0.1589
207874,3.099,3.098,3.039,3.050,3.039,3.050,-0.052,27.45,0.2745,3.708,0.000,27.45,27.45,0.00,0,0,-2.77383,27.45,27.45,0.00,0,0,27.45,0.00,0.00,0.00,0.00,1.000,1.000,0.00,0,255.00,1,27.34,27.62,-0.28,3.094,3.078,3.826,0.005,0.014,27.45,27,0.4163
208000,3.091,3.089,3.030,3.045,3.030,3.045,-0.049,27.44,0.2744,3.704,0.000,27.44,27.44,0.00,0,0,-2.76999,27.44,27.44,0.00,0,0,27.44,0.00,0.00,0.00,0.00,1.000,1.000,0.00,0,255.00,1,27.33,27.59,-0.26,3.086,3.071,3.816,0.006,0.011,27.44,28,-0.1968
208126,3.087,3.081,3.026,3.039,3.026,3.039,-0.062,27.41,0.2741,3.701,0.000,27.41,27.41,0.00,0,0,-2.76654,27.41,27.41,0.00,0,0,27.41,0.00,0.00,0.00,0.00,1.000,1.000,0.00,0,255.00,1,27.25,27.50,-0.25,3.078,3.062,3.814,0.009,0.011,27.41,27,0.1562
208252,2.854,2.905,3.022,3.034,3.022,3.034,-0.057,28.87,0.2887,3.735,0.000,28.87,28.87,0.00,0,0,-2.77177,28.87,28.87,0.00,0,0,28.87,0.00,0.00,0.00,0.00,1.000,1.000,0.00,0,255.00,1,29.74,28.96,0.77,2.906,2.912,4.008,-0.056,0.120,28.87,29,-0.1032
208380,2.599,2.638,3.019,3.030,3.019,3.030,-0.053,35.10,0.3510,3.953,0.000,35.10,35.10,0.00,0,0,-2.80132,35.10,35.10,0.00,0,0,35.10,0.00,0.00,0.00,0.00,1.000,1.000,0.00,0,255.00,1,36.97,34.65,2.32,2.648,2.699,4.682,-0.053,0.988,35.10,35,-0.1009
