ms,raw_p,flt_p,sp_raw,sp_flt,sp_recipe,sp_ctrl,sp_flt_d,ctrl_out,pump_duty,pump_flow,coffee_flow,u_raw,u_applied,u_delta,limiter_active_up,limiter_active_down,error_integral,u_unclamped_raw,u_clamped_raw,u_clamp_delta,clamp_active_high,clamp_active_low,u_fb,u_ff_hold,u_ff_dyn,u_ff_dyn_raw,ff_pressure_w,ff_above_w,ff_gamma,u_ff_total,ramp_hold_active,drop_rate_active,mpc_shadow_enabled,mpc_u_shadow,mpc_u_ss,mpc_u_trim,mpc_p1_pred,mpc_pn_pred,mpc_qout_est,mpc_qout_raw,mpc_residual,mpc_residual_bias,mpc_cost,power_cmd,power_psm_quantized,power_quant_residual
2050218,0.000,0.000,1.100,0.100,1.100,0.100,3.335,5.70,0.1856,0.084,0.000,18.56,5.70,12.86,1,0,0.00000,18.56,18.56,0.00,0,0,18.56,0.00,0.00,0.00,0.00,1.000,1.000,0.00,1,60.00,1,16.62,15.75,0.87,0.059,0.349,0.107,0.978,0.000,0.000,2.072,5.70,6,-0.3000
2050320,0.000,0.000,1.100,0.332,1.100,0.332,3.764,17.10,0.2051,0.477,0.000,20.51,17.10,3.41,1,0,0.00000,20.51,20.51,0.00,0,0,20.51,0.00,0.00,0.00,0.00,1.000,1.000,0.00,1,60.00,1,27.38,25.16,2.22,0.082,0.483,0.595,2.933,-0.077,-0.006,3.021,17.10,17,0.2000
2050455,0.018,0.009,1.100,0.598,1.100,0.598,2.571,23.03,0.2303,1.270,0.000,23.03,23.03,0.00,0,0,-0.04629,23.03,23.03,0.00,0,0,23.03,0.00,0.00,0.00,0.00,1.000,1.000,0.00,1,60.00,1,30.42,26.73,3.69,0.073,0.386,1.535,3.878,-0.062,-0.015,4.011,23.03,23,0.0191
2050585,0.118,0.095,1.100,0.774,1.100,0.774,1.676,24.17,0.2417,1.933,0.000,24.17,24.17,0.00,0,0,-0.10503,24.17,24.17,0.00,0,0,24.17,0.00,0.00,0.00,0.00,1.000,1.000,0.00,1,60.00,1,29.94,25.76,4.19,0.142,0.370,2.146,3.544,-0.026,-0.017,4.280,24.17,24,0.4801
2050716,0.266,0.228,1.100,0.888,1.100,0.888,1.091,24.21,0.2421,2.446,0.000,24.21,24.21,0.00,0,0,-0.16513,24.21,24.21,0.00,0,0,24.21,0.00,0.00,0.00,0.00,1.000,1.000,0.00,1,60.00,1,28.38,24.35,4.03,0.264,0.441,2.418,2.916,0.002,-0.015,3.562,24.21,24,0.1438
2050842,0.431,0.381,1.100,0.962,1.100,0.962,0.710,23.18,0.2318,2.802,0.000,23.18,23.18,0.00,0,0,-0.22007,23.18,23.18,0.00,0,0,23.18,0.00,0.00,0.00,0.00,1.000,1.000,0.00,1,60.00,1,25.87,22.36,3.51,0.411,0.559,2.422,2.209,0.023,-0.010,2.474,23.18,23,-0.0359
2050974,0.526,0.497,1.100,1.010,1.100,1.010,0.462,21.93,0.2193,3.016,0.000,21.93,21.93,0.00,0,0,-0.26816,21.93,21.93,0.00,0,0,21.93,0.00,0.00,0.00,0.00,1.000,1.000,0.00,1,60.00,1,23.43,20.36,3.07,0.523,0.652,2.292,1.919,0.004,-0.008,1.749,21.93,22,0.0011
2051099,0.566,0.561,1.100,1.049,1.100,1.049,0.260,21.56,0.2156,3.176,0.000,21.56,21.56,0.00,0,0,-0.32691,21.56,21.56,0.00,0,0,21.56,0.00,0.00,0.00,0.00,1.000,1.000,0.00,1,60.00,1,22.12,19.21,2.90,0.584,0.693,2.233,2.358,-0.017,-0.008,1.485,21.56,22,0.0101
2051230,0.556,0.558,1.100,1.067,1.100,1.067,0.169,22.32,0.2232,3.285,0.000,22.32,22.32,0.00,0,0,-0.37199,22.32,22.32,0.00,0,0,22.32,0.00,0.00,0.00,0.00,1.000,1.000,0.00,0,255.00,1,22.78,19.75,3.03,0.578,0.672,2.399,2.991,-0.023,-0.010,1.637,22.32,22,0.1370
2051361,0.566,0.564,1.100,1.079,1.100,1.079,0.110,22.77,0.2277,3.390,0.000,22.77,22.77,0.00,0,0,-0.41819,22.77,22.77,0.00,0,0,22.77,0.00,0.00,0.00,0.00,1.000,1.000,0.00,0,255.00,1,23.53,20.45,3.08,0.580,0.658,2.640,3.301,-0.015,-0.011,1.728,22.77,23,0.0478
2051492,0.592,0.589,1.100,1.088,1.100,1.088,0.062,22.84,0.2284,3.499,0.000,22.84,22.84,0.00,0,0,-0.47863,22.84,22.84,0.00,0,0,22.84,0.00,0.00,0.00,0.00,1.000,1.000,0.00,0,255.00,1,24.04,21.05,2.99,0.601,0.662,2.902,3.393,-0.010,-0.010,1.688,22.84,23,0.1845
2051620,0.617,0.611,1.100,1.092,1.100,1.092,0.040,22.72,0.2272,3.555,0.000,22.72,22.72,0.00,0,0,-0.52243,22.72,22.72,0.00,0,0,22.72,0.00,0.00,0.00,0.00,1.000,1.000,0.00,0,255.00,1,24.19,21.30,2.89,0.621,0.673,3.041,3.379,-0.005,-0.009,1.603,22.72,22,0.4137
2051755,0.625,0.622,1.100,1.095,1.100,1.095,0.026,22.84,0.2284,3.599,0.000,22.84,22.84,0.00,0,0,-0.56526,22.84,22.84,0.00,0,0,22.84,0.00,0.00,0.00,0.00,1.000,1.000,0.00,0,255.00,1,24.49,21.65,2.85,0.631,0.677,3.159,3.471,-0.006,-0.009,1.573,22.84,23,-0.1864
2051880,0.636,0.634,1.100,1.097,1.100,1.097,0.015,23.03,0.2303,3.648,0.000,23.03,23.03,0.00,0,0,-0.62118,23.03,23.03,0.00,0,0,23.03,0.00,0.00,0.00,0.00,1.000,1.000,0.00,0,255.00,1,24.88,22.09,2.79,0.642,0.682,3.295,3.570,-0.006,-0.009,1.534,23.03,24,-0.4819
2052011,0.642,0.639,1.100,1.098,1.100,1.098,0.010,23.24,0.2324,3.683,0.000,23.24,23.24,0.00,0,0,-0.66261,23.24,23.24,0.00,0,0,23.24,0.00,0.00,0.00,0.00,1.000,1.000,0.00,0,255.00,1,25.23,22.46,2.77,0.647,0.684,3.393,3.650,-0.004,-0.008,1.521,23.24,23,0.0108
2052136,0.653,0.651,1.100,1.099,1.100,1.099,0.006,23.25,0.2325,3.711,0.000,23.25,23.25,0.00,0,0,-0.70311,23.25,23.25,0.00,0,0,23.25,0.00,0.00,0.00,0.00,1.000,1.000,0.00,0,255.00,1,25.35,22.65,2.70,0.658,0.694,3.462,3.642,-0.006,-0.007,1.456,23.25,24,-0.3603
2052270,0.662,0.662,1.100,1.099,1.100,1.099,0.004,23.40,0.2340,3.741,0.000,23.40,23.40,0.00,0,0,-0.75584,23.40,23.40,0.00,0,0,23.40,0.00,0.00,0.00,0.00,1.000,1.000,0.00,0,255.00,1,25.57,22.92,2.64,0.669,0.703,3.532,3.693,-0.007,-0.007,1.399,23.40,24,-0.2176
2052397,0.669,0.669,1.100,1.100,1.100,1.100,0.002,23.63,0.2363,3.774,0.000,23.63,23.63,0.00,0,0,-0.80784,23.63,23.63,0.00,0,0,23.63,0.00,0.00,0.00,0.00,1.000,1.000,0.00,0,255.00,1,25.86,23.26,2.60,0.675,0.708,3.606,3.756,-0.006,-0.007,1.365,23.63,24,-0.0632
2052529,0.685,0.683,1.100,1.100,1.100,1.100,0.001,23.72,0.2372,3.808,0.000,23.72,23.72,0.00,0,0,-0.87113,23.72,23.72,0.00,0,0,23.72,0.00,0.00,0.00,0.00,1.000,1.000,0.00,0,255.00,1,25.99,23.48,2.51,0.690,0.721,3.668,3.752,-0.005,-0.006,1.283,23.72,23,0.3158
2052659,0.695,0.693,1.100,1.100,1.100,1.100,0.001,23.73,0.2373,3.823,0.000,23.73,23.73,0.00,0,0,-0.90801,23.73,23.73,0.00,0,0,23.73,0.00,0.00,0.00,0.00,1.000,1.000,0.00,0,255.00,1,25.99,23.54,2.46,0.699,0.730,3.688,3.741,-0.004,-0.005,1.225,23.73,23,0.4491
2052793,0.702,0.701,1.100,1.100,1.100,1.100,0.000,23.87,0.2387,3.841,0.000,23.87,23.87,0.00,0,0,-0.95615,23.87,23.87,0.00,0,0,23.87,0.00,0.00,0.00,0.00,1.000,1.000,0.00,0,255.00,1,26.09,23.69,2.41,0.707,0.738,3.715,3.782,-0.005,-0.005,1.175,23.87,24,-0.3832
2052917,0.703,0.704,1.100,1.100,1.100,1.100,0.000,24.08,0.2408,3.857,0.000,24.08,24.08,0.00,0,0,-0.99182,24.08,24.08,0.00,0,0,24.08,0.00,0.00,0.00,0.00,1.000,1.000,0.00,0,255.00,1,26.28,23.89,2.39,0.710,0.741,3.745,3.845,-0.007,-0.005,1.158,24.08,25,-0.4307
2053052,0.710,0.710,1.100,1.100,1.100,1.100,0.000,24.26,0.2426,3.882,0.000,24.26,24.26,0.00,0,0,-1.03875,24.26,24.26,0.00,0,0,24.26,0.00,0.00,0.00,0.00,1.000,1.000,0.00,0,255.00,1,26.46,24.11,2.35,0.716,0.746,3.786,3.881,-0.006,-0.005,1.125,24.26,24,0.2003
2053176,0.726,0.724,1.100,1.100,1.100,1.100,0.000,24.10,0.2410,3.892,0.000,24.10,24.10,0.00,0,0,-1.07291,24.10,24.10,0.00,0,0,24.10,0.00,0.00,0.00,0.00,1.000,1.000,0.00,0,255.00,1,26.30,24.03,2.27,0.729,0.758,3.792,3.800,-0.004,-0.005,1.054,24.10,25,-0.4760
2053307,0.734,0.733,1.100,1.100,1.100,1.100,0.000,24.06,0.2406,3.897,0.000,24.06,24.06,0.00,0,0,-1.10616,24.06,24.06,0.00,0,0,24.06,0.00,0.00,0.00,0.00,1.000,1.000,0.00,0,255.00,1,26.21,24.00,2.21,0.739,0.768,3.788,3.786,-0.004,-0.004,0.998,24.06,24,-0.3509
2053434,0.731,0.730,1.100,1.100,1.100,1.100,0.000,24.44,0.2444,3.912,0.000,24.44,24.44,0.00,0,0,-1.13941,24.44,24.44,0.00,0,0,24.44,0.00,0.00,0.00,0.00,1.000,1.000,0.00,0,255.00,1,26.52,24.29,2.23,0.736,0.766,3.816,3.918,-0.005,-0.005,1.008,24.44,25,-0.3812
2053567,0.743,0.737,1.100,1.100,1.100,1.100,0.000,24.46,0.2446,3.930,0.000,24.46,24.46,0.00,0,0,-1.17243,24.46,24.46,0.00,0,0,24.46,0.00,0.00,0.00,0.00,1.000,1.000,0.00,0,255.00,1,26.58,24.39,2.19,0.743,0.771,3.847,3.892,-0.000,-0.004,0.977,24.46,24,0.1431
2053694,0.761,0.755,1.100,1.100,1.100,1.100,0.000,24.08,0.2408,3.930,0.000,24.08,24.08,0.00,0,0,-1.20397,24.08,24.08,0.00,0,0,24.08,0.00,0.00,0.00,0.00,1.000,1.000,0.00,0,255.00,1,26.21,24.13,2.08,0.760,0.786,3.829,3.747,0.001,-0.004,0.892,24.08,24,-0.2715
2053825,0.767,0.768,1.100,1.100,1.100,1.100,0.000,23.86,0.2386,3.916,0.000,23.86,23.86,0.00,0,0,-1.23406,23.86,23.86,0.00,0,0,23.86,0.00,0.00,0.00,0.00,1.000,1.000,0.00,0,255.00,1,25.89,23.89,2.00,0.773,0.799,3.787,3.705,-0.005,-0.004,0.824,23.86,24,0.2699
2053953,0.774,0.774,1.100,1.100,1.100,1.100,0.000,23.88,0.2388,3.906,0.000,23.88,23.88,0.00,0,0,-1.26361,23.88,23.88,0.00,0,0,23.88,0.00,0.00,0.00,0.00,1.000,1.000,0.00,0,255.00,1,25.82,23.85,1.97,0.779,0.805,3.769,3.737,-0.005,-0.004,0.787,23.88,24,-0.1099
2054084,0.802,0.794,1.100,1.100,1.100,1.100,0.000,23.30,0.2330,3.884,0.000,23.30,23.30,0.00,0,0,-1.29184,23.30,23.30,0.00,0,0,23.30,0.00,0.00,0.00,0.00,1.000,1.000,0.00,0,255.00,1,25.25,23.41,1.84,0.799,0.823,3.727,3.558,0.003,-0.003,0.701,23.30,24,-0.4749
2054210,0.819,0.814,1.100,1.100,1.100,1.100,0.000,22.74,0.2274,3.843,0.000,22.74,22.74,0.00,0,0,-1.31821,22.74,22.74,0.00,0,0,22.74,0.00,0.00,0.00,0.00,1.000,1.000,0.00,0,255.00,1,24.61,22.88,1.73,0.818,0.840,3.651,3.428,0.001,-0.003,0.618,22.74,22,0.3287
2054342,0.822,0.821,1.100,1.100,1.100,1.100,0.000,22.66,0.2266,3.799,0.000,22.66,22.66,0.00,0,0,-1.34345,22.66,22.66,0.00,0,0,22.66,0.00,0.00,0.00,0.00,1.000,1.000,0.00,0,255.00,1,24.35,22.67,1.68,0.825,0.849,3.591,3.473,-0.003,-0.003,0.575,22.66,22,0.2162
2054468,0.833,0.830,1.100,1.100,1.100,1.100,0.000,22.47,0.2247,3.761,0.000,22.47,22.47,0.00,0,0,-1.36805,22.47,22.47,0.00,0,0,22.47,0.00,0.00,0.00,0.00,1.000,1.000,0.00,0,255.00,1,24.09,22.46,1.63,0.835,0.859,3.554,3.459,-0.002,-0.002,0.532,22.47,23,-0.1868
2054602,0.857,0.852,1.100,1.100,1.100,1.100,0.000,21.68,0.2168,3.707,0.000,21.68,21.68,0.00,0,0,-1.39094,21.68,21.68,0.00,0,0,21.68,0.00,0.00,0.00,0.00,1.000,1.000,0.00,0,255.00,1,23.31,21.82,1.49,0.857,0.878,3.480,3.257,0.001,-0.002,0.456,21.68,22,-0.4651
2054728,0.866,0.865,1.100,1.100,1.100,1.100,0.000,21.28,0.2128,3.643,0.000,21.28,21.28,0.00,0,0,-1.41233,21.28,21.28,0.00,0,0,21.28,0.00,0.00,0.00,0.00,1.000,1.000,0.00,0,255.00,1,22.78,21.37,1.41,0.869,0.890,3.398,3.213,-0.003,-0.002,0.407,21.28,22,-0.4562
2054864,0.871,0.870,1.100,1.100,1.100,1.100,0.000,21.22,0.2122,3.591,0.000,21.22,21.22,0.00,0,0,-1.43320,21.22,21.22,0.00,0,0,21.22,0.00,0.00,0.00,0.00,1.000,1.000,0.00,0,255.00,1,22.59,21.21,1.38,0.874,0.896,3.354,3.257,-0.003,-0.002,0.383,21.22,21,0.3096
2054990,0.892,0.886,1.100,1.100,1.100,1.100,0.000,20.66,0.2066,3.537,0.000,20.66,20.66,0.00,0,0,-1.45304,20.66,20.66,0.00,0,0,20.66,0.00,0.00,0.00,0.00,1.000,1.000,0.00,0,255.00,1,22.04,20.75,1.29,0.889,0.908,3.303,3.125,0.002,-0.001,0.340,20.66,21,-0.0008
2055122,0.911,0.904,1.100,1.100,1.100,1.100,0.000,19.99,0.1999,3.450,0.000,19.99,19.99,0.00,0,0,-1.47733,19.99,19.99,0.00,0,0,19.99,0.00,0.00,0.00,0.00,1.000,1.000,0.00,0,255.00,1,21.29,20.11,1.18,0.908,0.925,3.208,3.005,0.004,-0.001,0.284,19.99,20,-0.0990
2055250,0.908,0.907,1.100,1.100,1.100,1.100,0.000,20.09,0.2009,3.367,0.000,20.09,20.09,0.00,0,0,-1.50647,20.09,20.09,0.00,0,0,20.09,0.00,0.00,0.00,0.00,1.000,1.000,0.00,0,255.00,1,21.18,20.02,1.16,0.911,0.930,3.156,3.122,-0.003,-0.001,0.265,20.09,20,0.1751
2055382,0.913,0.913,1.100,1.100,1.100,1.100,0.000,19.97,0.1997,3.331,0.000,19.97,19.97,0.00,0,0,-1.52355,19.97,19.97,0.00,0,0,19.97,0.00,0.00,0.00,0.00,1.000,1.000,0.00,0,255.00,1,21.05,19.92,1.13,0.916,0.933,3.145,3.109,-0.003,-0.002,0.254,19.97,20,0.2780
2055509,0.940,0.934,1.100,1.100,1.100,1.100,0.000,19.06,0.1906,3.277,0.000,19.06,19.06,0.00,0,0,-1.53917,19.06,19.06,0.00,0,0,19.06,0.00,0.00,0.00,0.00,1.000,1.000,0.00,0,255.00,1,20.26,19.25,1.00,0.936,0.949,3.084,2.866,0.004,-0.001,0.211,19.06,19,0.3856
2055640,0.947,0.945,1.100,1.100,1.100,1.100,0.000,18.58,0.1858,3.209,0.000,18.58,18.58,0.00,0,0,-1.55329,18.58,18.58,0.00,0,0,18.58,0.00,0.00,0.00,0.00,1.000,1.000,0.00,0,255.00,1,19.68,18.74,0.93,0.948,0.962,2.998,2.794,-0.001,-0.001,0.179,18.58,18,0.3598
2055766,0.938,0.939,1.100,1.100,1.100,1.100,0.000,19.03,0.1903,3.168,0.000,19.03,19.03,0.00,0,0,-1.56768,19.03,19.03,0.00,0,0,19.03,0.00,0.00,0.00,0.00,1.000,1.000,0.00,0,255.00,1,19.91,18.94,0.97,0.942,0.959,2.982,2.979,-0.004,-0.001,0.183,19.03,19,0.1643
2055900,0.964,0.955,1.100,1.100,1.100,1.100,0.000,18.41,0.1841,3.114,0.000,18.41,18.41,0.00,0,0,-1.59103,18.41,18.41,0.00,0,0,18.41,0.00,0.00,0.00,0.00,1.000,1.000,0.00,0,255.00,1,19.42,18.54,0.87,0.958,0.969,2.961,2.808,0.007,-0.001,0.158,18.41,19,-0.4366
2056026,0.975,0.973,1.100,1.100,1.100,1.100,0.000,17.62,0.1762,3.052,0.000,17.62,17.62,0.00,0,0,-1.60297,17.62,17.62,0.00,0,0,17.62,0.00,0.00,0.00,0.00,1.000,1.000,0.00,0,255.00,1,18.63,17.86,0.77,0.974,0.984,2.876,2.626,0.001,-0.000,0.127,17.62,18,0.1146
2056162,0.975,0.975,1.100,1.100,1.100,1.100,0.000,17.66,0.1766,2.965,0.000,17.66,17.66,0.00,0,0,-1.62177,17.66,17.66,0.00,0,0,17.66,0.00,0.00,0.00,0.00,1.000,1.000,0.00,0,255.00,1,18.41,17.66,0.75,0.977,0.991,2.795,2.734,-0.002,-0.000,0.112,17.66,18,0.1075
2056289,0.971,0.971,1.100,1.100,1.100,1.100,0.000,17.94,0.1794,2.944,0.000,17.94,17.94,0.00,0,0,-1.63350,17.94,17.94,0.00,0,0,17.94,0.00,0.00,0.00,0.00,1.000,1.000,0.00,0,255.00,1,18.62,17.85,0.77,0.974,0.988,2.808,2.830,-0.002,-0.001,0.116,17.94,18,0.0705
2056420,1.002,0.993,1.100,1.100,1.100,1.100,0.000,16.87,0.1687,2.899,0.000,16.87,16.87,0.00,0,0,-1.64381,16.87,16.87,0.00,0,0,16.87,0.00,0.00,0.00,0.00,1.000,1.000,0.00,0,255.00,1,17.76,17.11,0.64,0.995,1.003,2.755,2.528,0.007,-0.000,0.089,16.87,17,-0.1332
2056551,0.993,0.996,1.100,1.100,1.100,1.100,0.000,16.79,0.1679,2.845,0.000,16.79,16.79,0.00,0,0,-1.65310,16.79,16.79,0.00,0,0,16.79,0.00,0.00,0.00,0.00,1.000,1.000,0.00,0,255.00,1,17.51,16.88,0.62,0.998,1.009,2.690,2.567,-0.005,-0.000,0.079,16.79,17,0.1096
2056679,0.987,0.992,1.100,1.100,1.100,1.100,0.000,17.12,0.1712,2.810,0.000,17.12,17.12,0.00,0,0,-1.66248,17.12,17.12,0.00,0,0,17.12,0.00,0.00,0.00,0.00,1.000,1.000,0.00,0,255.00,1,17.66,17.01,0.65,0.994,1.007,2.671,2.704,-0.008,-0.001,0.080,17.12,17,-0.2478
2056806,1.003,1.000,1.100,1.100,1.100,1.100,0.000,16.78,0.1678,2.781,0.000,16.78,16.78,0.00,0,0,-1.67171,16.78,16.78,0.00,0,0,16.78,0.00,0.00,0.00,0.00,1.000,1.000,0.00,0,255.00,1,17.39,16.79,0.60,1.002,1.011,2.659,2.608,0.001,-0.001,0.073,16.78,16,0.3611
2056934,1.018,1.016,1.100,1.100,1.100,1.100,0.000,15.99,0.1599,2.733,0.000,15.99,15.99,0.00,0,0,-1.67965,15.99,15.99,0.00,0,0,15.99,0.00,0.00,0.00,0.00,1.000,1.000,0.00,0,255.00,1,16.68,16.18,0.51,1.017,1.024,2.597,2.409,0.001,0.000,0.055,15.99,16,-0.0680
2057067,1.013,1.015,1.100,1.100,1.100,1.100,0.000,16.09,0.1609,2.689,0.000,16.09,16.09,0.00,0,0,-1.68713,16.09,16.09,0.00,0,0,16.09,0.00,0.00,0.00,0.00,1.000,1.000,0.00,0,255.00,1,16.62,16.11,0.51,1.017,1.026,2.553,2.491,-0.005,-0.000,0.051,16.09,16,-0.1196
2057197,1.028,1.020,1.100,1.100,1.100,1.100,0.000,15.89,0.1589,2.659,0.000,15.89,15.89,0.00,0,0,-1.69470,15.89,15.89,0.00,0,0,15.89,0.00,0.00,0.00,0.00,1.000,1.000,0.00,0,255.00,1,16.44,15.96,0.48,1.022,1.030,2.539,2.446,0.006,-0.000,0.047,15.89,16,0.1826
2057333,1.034,1.028,1.100,1.100,1.100,1.100,0.000,15.53,0.1553,2.622,0.000,15.53,15.53,0.00,0,0,-1.70151,15.53,15.53,0.00,0,0,15.53,0.00,0.00,0.00,0.00,1.000,1.000,0.00,0,255.00,1,16.08,15.65,0.43,1.030,1.036,2.501,2.367,0.005,0.000,0.039,15.53,15,0.3149
2057460,1.029,1.032,1.100,1.100,1.100,1.100,0.000,15.39,0.1539,2.580,0.000,15.39,15.39,0.00,0,0,-1.70765,15.39,15.39,0.00,0,0,15.39,0.00,0.00,0.00,0.00,1.000,1.000,0.00,0,255.00,1,15.86,15.45,0.41,1.033,1.041,2.457,2.368,-0.004,0.000,0.033,15.39,15,0.4638
2057594,1.026,1.029,1.100,1.100,1.100,1.100,0.000,15.58,0.1558,2.551,0.000,15.58,15.58,0.00,0,0,-1.71382,15.58,15.58,0.00,0,0,15.58,0.00,0.00,0.00,0.00,1.000,1.000,0.00,0,255.00,1,15.93,15.51,0.42,1.031,1.040,2.442,2.454,-0.005,-0.000,0.034,15.58,16,-0.2241
2057721,1.043,1.038,1.100,1.100,1.100,1.100,0.000,15.34,0.1534,2.526,0.000,15.34,15.34,0.00,0,0,-1.71969,15.34,15.34,0.00,0,0,15.34,0.00,0.00,0.00,0.00,1.000,1.000,0.00,0,255.00,1,15.71,15.34,0.37,1.040,1.047,2.426,2.367,0.004,0.000,0.026,15.34,15,-0.0934
2057855,1.055,1.048,1.100,1.100,1.100,1.100,0.000,15.33,0.1533,2.495,0.000,15.33,15.33,0.00,0,0,-1.72835,15.33,15.33,0.00,0,0,15.33,0.00,0.00,0.00,0.00,1.000,1.000,0.00,0,255.00,1,15.56,15.26,0.30,1.050,1.059,2.401,2.340,0.005,0.000,0.016,15.33,16,-0.3225
2057984,1.057,1.057,1.100,1.100,1.100,1.100,0.000,15.40,0.1540,2.462,0.000,15.40,15.40,0.00,0,0,-1.74376,15.40,15.40,0.00,0,0,15.40,0.00,0.00,0.00,0.00,1.000,1.000,0.00,0,255.00,1,15.52,15.26,0.25,1.059,1.067,2.389,2.404,-0.002,0.000,0.011,15.40,16,-0.2603
2058117,1.063,1.063,1.100,1.100,1.100,1.100,0.000,15.41,0.1541,2.455,0.000,15.41,15.41,0.00,0,0,-1.75081,15.41,15.41,0.00,0,0,15.41,0.00,0.00,0.00,0.00,1.000,1.000,0.00,0,255.00,1,15.49,15.28,0.22,1.065,1.074,2.393,2.403,-0.002,0.000,0.007,15.41,15,0.1655
2058244,1.074,1.075,1.100,1.100,1.100,1.100,0.000,15.33,0.1533,2.450,0.000,15.33,15.33,0.00,0,0,-1.75313,15.33,15.33,0.00,0,0,15.33,0.00,0.00,0.00,0.00,1.000,1.000,0.00,0,255.00,1,15.32,15.18,0.14,1.077,1.086,2.374,2.340,-0.003,0.001,0.003,15.33,15,0.1682
2058380,1.096,1.090,1.100,1.100,1.100,1.100,0.000,15.22,0.1522,2.442,0.000,15.22,15.22,0.00,0,0,-1.75444,15.22,15.22,0.00,0,0,15.22,0.00,0.00,0.00,0.00,1.000,1.000,0.00,0,255.00,1,15.10,15.05,0.05,1.092,1.101,2.348,2.263,0.004,0.001,0.000,15.22,15,-0.0516
2058510,1.106,1.099,1.100,1.100,1.100,1.100,0.000,15.19,0.1519,2.414,0.000,15.19,15.19,0.00,0,0,-1.75880,15.19,15.19,0.00,0,0,15.19,0.00,0.00,0.00,0.00,1.000,1.000,0.00,0,255.00,1,15.15,15.15,0.00,1.100,1.104,2.389,2.359,0.007,0.001,0.000,15.19,15,0.1038
2058631,1.115,1.109,1.100,1.100,1.100,1.100,0.000,15.12,0.1512,2.403,0.000,15.12,15.12,0.00,0,0,-1.75893,15.12,15.12,0.00,0,0,15.12,0.00,0.00,0.00,0.00,1.000,1.000,0.00,0,255.00,1,15.07,15.12,-0.05,1.109,1.110,2.395,2.328,0.008,0.000,0.001,15.12,15,0.4283
2058754,1.119,1.116,1.100,1.100,1.100,1.100,0.000,15.05,0.1505,2.398,0.000,15.05,15.05,0.00,0,0,-1.75760,15.05,15.05,0.00,0,0,15.05,0.00,0.00,0.00,0.00,1.000,1.000,0.00,0,255.00,1,14.91,15.01,-0.10,1.116,1.118,2.368,2.296,0.004,0.001,0.003,15.05,15,-0.2142
2058881,1.125,1.123,1.100,1.100,1.100,1.100,0.000,14.97,0.1497,2.390,0.000,14.97,14.97,0.00,0,0,-1.75536,14.97,14.97,0.00,0,0,14.97,0.00,0.00,0.00,0.00,1.000,1.000,0.00,0,255.00,1,14.75,14.89,-0.14,1.123,1.125,2.342,2.280,0.002,0.001,0.005,14.97,15,-0.1627
2059045,1.135,1.129,1.100,1.100,1.100,1.100,0.000,14.88,0.1488,2.377,0.000,14.88,14.88,0.00,0,0,-1.75071,14.88,14.88,0.00,0,0,14.88,0.00,0.00,0.00,0.00,1.000,1.000,0.00,0,255.00,1,14.59,14.77,-0.18,1.130,1.133,2.318,2.278,0.005,0.001,0.009,14.88,15,0.3766
2059170,1.143,1.137,1.100,1.100,1.100,1.100,0.000,14.78,0.1478,2.366,0.000,14.78,14.78,0.00,0,0,-1.74679,14.78,14.78,0.00,0,0,14.78,0.00,0.00,0.00,0.00,1.000,1.000,0.00,0,255.00,1,14.45,14.67,-0.23,1.137,1.140,2.302,2.249,0.006,0.001,0.014,14.78,15,-0.3012
2059303,1.146,1.141,1.100,1.100,1.100,1.100,0.000,14.71,0.1471,2.354,0.000,14.71,14.71,0.00,0,0,-1.74222,14.71,14.71,0.00,0,0,14.71,0.00,0.00,0.00,0.00,1.000,1.000,0.00,0,255.00,1,14.33,14.59,-0.26,1.142,1.144,2.287,2.245,0.005,0.001,0.017,14.71,15,-0.3031
2059411,1.154,1.147,1.100,1.100,1.100,1.100,0.000,14.62,0.1462,2.343,0.000,14.62,14.62,0.00,0,0,-1.73725,14.62,14.62,0.00,0,0,14.62,0.00,0.00,0.00,0.00,1.000,1.000,0.00,0,255.00,1,14.22,14.51,-0.29,1.148,1.150,2.278,2.220,0.008,0.001,0.021,14.62,14,0.4192
2059541,1.156,1.151,1.100,1.100,1.100,1.100,0.000,14.53,0.1453,2.330,0.000,14.53,14.53,0.00,0,0,-1.73151,14.53,14.53,0.00,0,0,14.53,0.00,0.00,0.00,0.00,1.000,1.000,0.00,0,255.00,1,14.11,14.43,-0.32,1.152,1.154,2.262,2.216,0.005,0.001,0.025,14.53,15,-0.2542
2059678,1.161,1.160,1.100,1.100,1.100,1.100,0.000,14.41,0.1441,2.315,0.000,14.41,14.41,0.00,0,0,-1.72488,14.41,14.41,0.00,0,0,14.41,0.00,0.00,0.00,0.00,0.990,1.000,0.00,0,255.00,1,13.92,14.29,-0.37,1.160,1.162,2.239,2.176,0.001,0.001,0.033,14.41,15,-0.3837
2059814,1.156,1.160,1.100,1.100,1.100,1.100,0.000,14.33,0.1433,2.296,0.000,14.33,14.33,0.00,0,0,-1.71601,14.33,14.33,0.00,0,0,14.33,0.00,0.00,0.00,0.00,0.991,1.000,0.00,0,255.00,1,13.85,14.21,-0.37,1.160,1.161,2.226,2.220,-0.004,0.001,0.032,14.33,14,0.4573
2059950,1.159,1.160,1.100,1.100,1.100,1.100,0.000,14.27,0.1427,2.282,0.000,14.27,14.27,0.00,0,0,-1.70877,14.27,14.27,0.00,0,0,14.27,0.00,0.00,0.00,0.00,0.991,1.000,0.00,0,255.00,1,13.81,14.17,-0.36,1.159,1.159,2.225,2.233,-0.001,0.001,0.031,14.27,15,-0.3918
2060081,1.163,1.165,1.100,1.100,1.100,1.100,0.000,14.17,0.1417,2.270,0.000,14.17,14.17,0.00,0,0,-1.70279,14.17,14.17,0.00,0,0,14.17,0.00,0.00,0.00,0.00,0.977,1.000,0.00,0,255.00,1,13.68,14.08,-0.40,1.165,1.165,2.210,2.197,-0.002,0.001,0.037,14.17,14,0.0568
2060213,1.163,1.164,1.100,1.100,1.100,1.100,0.000,14.12,0.1412,2.254,0.000,14.12,14.12,0.00,0,0,-1.69486,14.12,14.12,0.00,0,0,14.12,0.00,0.00,0.00,0.00,0.981,1.000,0.00,0,255.00,1,13.64,14.03,-0.39,1.164,1.162,2.204,2.221,-0.000,0.001,0.034,14.12,14,0.3126
2060343,1.163,1.163,1.100,1.100,1.100,1.100,0.000,14.07,0.1407,2.245,0.000,14.07,14.07,0.00,0,0,-1.68906,14.07,14.07,0.00,0,0,14.07,0.00,0.00,0.00,0.00,0.983,1.000,0.00,0,255.00,1,13.63,14.01,-0.38,1.163,1.161,2.207,2.220,0.000,0.001,0.033,14.07,15,-0.4782
2060476,1.178,1.173,1.100,1.100,1.100,1.100,0.000,13.62,0.1362,2.228,0.000,13.62,13.62,0.00,0,0,-1.68280,13.62,13.62,0.00,0,0,13.62,0.00,0.00,0.00,0.00,0.950,1.000,0.00,0,255.00,1,13.26,13.70,-0.44,1.172,1.168,2.186,2.083,0.006,0.001,0.040,13.62,14,-0.0150
2060604,1.177,1.175,1.100,1.100,1.100,1.100,0.000,13.47,0.1347,2.205,0.000,13.47,13.47,0.00,0,0,-1.67614,13.47,13.47,0.00,0,0,13.47,0.00,0.00,0.00,0.00,0.943,1.000,0.00,0,255.00,1,13.08,13.53,-0.45,1.174,1.171,2.155,2.072,0.003,0.001,0.043,13.47,14,-0.4486
2060737,1.175,1.171,1.100,1.100,1.100,1.100,0.000,13.60,0.1360,2.192,0.000,13.60,13.60,0.00,0,0,-1.66980,13.60,13.60,0.00,0,0,13.60,0.00,0.00,0.00,0.00,0.957,1.000,0.00,0,255.00,1,13.16,13.59,-0.43,1.171,1.168,2.152,2.127,0.004,0.001,0.041,13.60,14,-0.4826
2060866,1.173,1.169,1.100,1.100,1.100,1.100,0.000,13.67,0.1367,2.186,0.000,13.67,13.67,0.00,0,0,-1.66377,13.67,13.67,0.00,0,0,13.67,0.00,0.00,0.00,0.00,0.966,1.000,0.00,0,255.00,1,13.24,13.66,-0.42,1.168,1.166,2.161,2.151,0.005,0.001,0.038,13.67,14,-0.2071
2060998,1.174,1.170,1.100,1.100,1.100,1.100,0.000,13.56,0.1356,2.178,0.000,13.56,13.56,0.00,0,0,-1.65763,13.56,13.56,0.00,0,0,13.56,0.00,0.00,0.00,0.00,0.962,1.000,0.00,0,255.00,1,13.17,13.60,-0.42,1.169,1.165,2.159,2.123,0.005,0.001,0.038,13.56,14,-0.2103
2061126,1.170,1.171,1.100,1.100,1.100,1.100,0.000,13.47,0.1347,2.162,0.000,13.47,13.47,0.00,0,0,-1.65115,13.47,13.47,0.00,0,0,13.47,0.00,0.00,0.00,0.00,0.960,1.000,0.00,0,255.00,1,13.07,13.49,-0.43,1.170,1.167,2.140,2.115,0.000,0.001,0.039,13.47,13,0.0435
2061265,1.175,1.172,1.100,1.100,1.100,1.100,0.000,13.35,0.1335,2.151,0.000,13.35,13.35,0.00,0,0,-1.64479,13.35,13.35,0.00,0,0,13.35,0.00,0.00,0.00,0.00,0.955,1.000,0.00,0,255.00,1,12.96,13.40,-0.44,1.171,1.167,2.130,2.086,0.004,0.001,0.040,13.35,13,0.3194
2061393,1.171,1.171,1.100,1.100,1.100,1.100,0.000,13.31,0.1331,2.135,0.000,13.31,13.31,0.00,0,0,-1.63624,13.31,13.31,0.00,0,0,13.31,0.00,0.00,0.00,0.00,0.957,1.000,0.00,0,255.00,1,12.91,13.34,-0.43,1.170,1.166,2.117,2.091,0.001,0.001,0.039,13.31,14,-0.3287
2061528,1.181,1.175,1.100,1.100,1.100,1.100,0.000,13.04,0.1304,2.122,0.000,13.04,13.04,0.00,0,0,-1.62973,13.04,13.04,0.00,0,0,13.04,0.00,0.00,0.00,0.00,0.941,1.000,0.00,0,255.00,1,12.70,13.15,-0.45,1.174,1.168,2.102,2.021,0.007,0.001,0.041,13.04,13,0.2882
2061658,1.177,1.174,1.100,1.100,1.100,1.100,0.000,13.06,0.1306,2.110,0.000,13.06,13.06,0.00,0,0,-1.62322,13.06,13.06,0.00,0,0,13.06,0.00,0.00,0.00,0.00,0.947,1.000,0.00,0,255.00,1,12.68,13.13,-0.45,1.173,1.168,2.091,2.038,0.004,0.001,0.041,13.06,13,-0.2481
2061794,1.177,1.174,1.100,1.100,1.100,1.100,0.000,12.98,0.1298,2.096,0.000,12.98,12.98,0.00,0,0,-1.61661,12.98,12.98,0.00,0,0,12.98,0.00,0.00,0.00,0.00,0.945,1.000,0.00,0,255.00,1,12.59,13.04,-0.45,1.173,1.168,2.077,2.027,0.004,0.001,0.041,12.98,13,-0.1410
2061921,1.171,1.172,1.100,1.100,1.100,1.100,0.000,13.06,0.1306,2.085,0.000,13.06,13.06,0.00,0,0,-1.61005,13.06,13.06,0.00,0,0,13.06,0.00,0.00,0.00,0.00,0.955,1.000,0.00,0,255.00,1,12.63,13.06,-0.43,1.171,1.166,2.068,2.063,0.000,0.001,0.039,13.06,13,-0.1107
2062056,1.163,1.166,1.100,1.100,1.100,1.100,0.000,13.27,0.1327,2.078,0.000,13.27,13.27,0.00,0,0,-1.59961,13.27,13.27,0.00,0,0,13.27,0.00,0.00,0.00,0.00,0.975,1.000,0.00,0,255.00,1,12.80,13.20,-0.40,1.165,1.162,2.076,2.129,-0.002,0.001,0.035,13.27,13,0.4561
2062185,1.173,1.174,1.100,1.100,1.100,1.100,0.000,12.79,0.1279,2.063,0.000,12.79,12.79,0.00,0,0,-1.59296,12.79,12.79,0.00,0,0,12.79,0.00,0.00,0.00,0.00,0.946,1.000,0.00,0,255.00,1,12.42,12.87,-0.45,1.173,1.168,2.052,1.996,0.000,0.001,0.040,12.79,13,-0.1157
2062319,1.169,1.171,1.100,1.100,1.100,1.100,0.000,12.90,0.1290,2.052,0.000,12.90,12.90,0.00,0,0,-1.58639,12.90,12.90,0.00,0,0,12.90,0.00,0.00,0.00,0.00,0.959,1.000,0.00,0,255.00,1,12.47,12.90,-0.43,1.170,1.166,2.041,2.046,-0.000,0.001,0.039,12.90,13,0.2640
2062452,1.163,1.167,1.100,1.100,1.100,1.100,0.000,13.04,0.1304,2.046,0.000,13.04,13.04,0.00,0,0,-1.58000,13.04,13.04,0.00,0,0,13.04,0.00,0.00,0.00,0.00,0.972,1.000,0.00,0,255.00,1,12.57,12.97,-0.41,1.167,1.164,2.040,2.093,-0.003,0.001,0.037,13.04,13,-0.1774
2062580,1.166,1.169,1.100,1.100,1.100,1.100,0.000,12.87,0.1287,2.039,0.000,12.87,12.87,0.00,0,0,-1.57362,12.87,12.87,0.00,0,0,12.87,0.00,0.00,0.00,0.00,0.964,1.000,0.00,0,255.00,1,12.44,12.86,-0.42,1.169,1.165,2.034,2.045,-0.003,0.001,0.037,12.87,13,0.2252
2062707,1.176,1.176,1.100,1.100,1.100,1.100,0.000,12.46,0.1246,2.023,0.000,12.46,12.46,0.00,0,0,-1.56691,12.46,12.46,0.00,0,0,12.46,0.00,0.00,0.00,0.00,0.938,1.000,0.00,0,255.00,1,12.11,12.56,-0.46,1.175,1.169,2.010,1.933,0.001,0.001,0.042,12.46,13,-0.1453
2062835,1.176,1.175,1.100,1.100,1.100,1.100,0.000,12.45,0.1245,2.013,0.000,12.45,12.45,0.00,0,0,-1.56035,12.45,12.45,0.00,0,0,12.45,0.00,0.00,0.00,0.00,0.942,1.000,0.00,0,255.00,1,12.08,12.53,-0.45,1.174,1.168,1.999,1.941,0.002,0.001,0.041,12.45,13,-0.4138
2062963,1.170,1.169,1.100,1.100,1.100,1.100,0.000,12.72,0.1272,2.012,0.000,12.72,12.72,0.00,0,0,-1.55420,12.72,12.72,0.00,0,0,12.72,0.00,0.00,0.00,0.00,0.966,1.000,0.00,0,255.00,1,12.30,12.71,-0.42,1.168,1.163,2.011,2.023,0.002,0.001,0.036,12.72,13,-0.1054
2063093,1.175,1.170,1.100,1.100,1.100,1.100,0.000,12.60,0.1260,2.011,0.000,12.60,12.60,0.00,0,0,-1.54811,12.60,12.60,0.00,0,0,12.60,0.00,0.00,0.00,0.00,0.961,1.000,0.00,0,255.00,1,12.23,12.66,-0.42,1.169,1.164,2.015,1.980,0.006,0.001,0.036,12.60,12,0.1405
2063222,1.172,1.171,1.100,1.100,1.100,1.100,0.000,12.53,0.1253,2.004,0.000,12.53,12.53,0.00,0,0,-1.54185,12.53,12.53,0.00,0,0,12.53,0.00,0.00,0.00,0.00,0.960,1.000,0.00,0,255.00,1,12.17,12.59,-0.42,1.169,1.163,2.006,1.965,0.003,0.001,0.036,12.53,13,-0.0696
2063359,1.173,1.172,1.100,1.100,1.100,1.100,0.000,12.41,0.1241,1.993,0.000,12.41,12.41,0.00,0,0,-1.53541,12.41,12.41,0.00,0,0,12.41,0.00,0.00,0.00,0.00,0.955,1.000,0.00,0,255.00,1,12.05,12.48,-0.43,1.170,1.165,1.989,1.942,0.003,0.001,0.037,12.41,12,0.2287
2063492,1.162,1.165,1.100,1.100,1.100,1.100,0.000,12.67,0.1267,1.990,0.000,12.67,12.67,0.00,0,0,-1.52931,12.67,12.67,0.00,0,0,12.67,0.00,0.00,0.00,0.00,0.979,1.000,0.00,0,255.00,1,12.24,12.63,-0.39,1.164,1.160,1.992,2.037,-0.002,0.001,0.032,12.67,13,-0.1022
2063619,1.167,1.168,1.100,1.100,1.100,1.100,0.000,12.49,0.1249,1.984,0.000,12.49,12.49,0.00,0,0,-1.52310,12.49,12.49,0.00,0,0,12.49,0.00,0.00,0.00,0.00,0.968,1.000,0.00,0,255.00,1,12.10,12.51,-0.41,1.167,1.162,1.984,1.974,-0.000,0.001,0.035,12.49,12,0.2990
2063749,1.165,1.168,1.100,1.100,1.100,1.100,0.000,12.44,0.1244,1.974,0.000,12.44,12.44,0.00,0,0,-1.51678,12.44,12.44,0.00,0,0,12.44,0.00,0.00,0.00,0.00,0.968,1.000,0.00,0,255.00,1,12.03,12.44,-0.41,1.167,1.163,1.971,1.972,-0.002,0.001,0.035,12.44,12,0.3198
2063878,1.173,1.173,1.100,1.100,1.100,1.100,0.000,12.11,0.1211,1.961,0.000,12.11,12.11,0.00,0,0,-1.51029,12.11,12.11,0.00,0,0,12.11,0.00,0.00,0.00,0.00,0.950,1.000,0.00,0,255.00,1,11.76,12.20,-0.44,1.172,1.166,1.950,1.884,0.001,0.001,0.039,12.11,12,-0.1166
2064010,1.175,1.172,1.100,1.100,1.100,1.100,0.000,12.12,0.1212,1.954,0.000,12.12,12.12,0.00,0,0,-1.50404,12.12,12.12,0.00,0,0,12.12,0.00,0.00,0.00,0.00,0.954,1.000,0.00,0,255.00,1,11.76,12.20,-0.43,1.171,1.165,1.946,1.892,0.004,0.001,0.037,12.12,12,-0.2908
2064135,1.172,1.170,1.100,1.100,1.100,1.100,0.000,12.15,0.1215,1.949,0.000,12.15,12.15,0.00,0,0,-1.49788,12.15,12.15,0.00,0,0,12.15,0.00,0.00,0.00,0.00,0.960,1.000,0.00,0,255.00,1,11.78,12.21,-0.42,1.169,1.163,1.944,1.906,0.002,0.001,0.036,12.15,13,-0.4688
2064269,1.162,1.162,1.100,1.100,1.100,1.100,0.000,12.34,0.1234,1.947,0.000,12.34,12.34,0.00,0,0,-1.48829,12.34,12.34,0.00,0,0,12.34,0.00,0.00,0.00,0.00,0.986,1.000,0.00,0,255.00,1,11.98,12.36,-0.37,1.161,1.156,1.959,1.980,0.001,0.001,0.028,12.34,12,0.2361
2064395,1.167,1.166,1.100,1.100,1.100,1.100,0.000,12.26,0.1226,1.944,0.000,12.26,12.26,0.00,0,0,-1.48242,12.26,12.26,0.00,0,0,12.26,0.00,0.00,0.00,0.00,0.975,1.000,0.00,0,255.00,1,11.89,12.29,-0.40,1.165,1.159,1.953,1.929,0.002,0.001,0.032,12.26,12,0.0697
2064529,1.164,1.167,1.100,1.100,1.100,1.100,0.000,12.15,0.1215,1.934,0.000,12.15,12.15,0.00,0,0,-1.47623,12.15,12.15,0.00,0,0,12.15,0.00,0.00,0.00,0.00,0.972,1.000,0.00,0,255.00,1,11.77,12.18,-0.40,1.166,1.161,1.933,1.914,-0.002,0.001,0.033,12.15,12,0.2712
2064659,1.168,1.168,1.100,1.100,1.100,1.100,0.000,12.02,0.1202,1.922,0.000,12.02,12.02,0.00,0,0,-1.46806,12.02,12.02,0.00,0,0,12.02,0.00,0.00,0.00,0.00,0.968,1.000,0.00,0,255.00,1,11.65,12.06,-0.41,1.167,1.161,1.917,1.887,0.001,0.001,0.034,12.02,12,0.4511
2064791,1.169,1.168,1.100,1.100,1.100,1.100,0.000,11.98,0.1198,1.917,0.000,11.98,11.98,0.00,0,0,-1.46213,11.98,11.98,0.00,0,0,11.98,0.00,0.00,0.00,0.00,0.969,1.000,0.00,0,255.00,1,11.63,12.03,-0.41,1.167,1.160,1.914,1.880,0.003,0.001,0.033,11.98,12,-0.3372
2064916,1.172,1.168,1.100,1.100,1.100,1.100,0.000,11.93,0.1193,1.912,0.000,11.93,11.93,0.00,0,0,-1.45634,11.93,11.93,0.00,0,0,11.93,0.00,0.00,0.00,0.00,0.969,1.000,0.00,0,255.00,1,11.59,12.00,-0.41,1.167,1.160,1.912,1.863,0.006,0.001,0.033,11.93,12,-0.2434
2065051,1.164,1.163,1.167,1.113,1.167,1.113,0.241,12.13,0.1213,1.910,0.000,12.13,12.13,0.00,0,0,-1.45121,12.13,12.13,0.00,0,0,12.13,0.00,0.00,0.00,0.00,1.000,1.000,0.00,0,255.00,1,12.80,13.08,-0.28,1.166,1.179,1.915,1.929,-0.001,0.000,0.014,12.13,12,-0.0108
2065177,1.163,1.163,1.175,1.132,1.175,1.132,0.187,12.28,0.1228,1.914,0.000,12.28,12.28,0.00,0,0,-1.44795,12.28,12.28,0.00,0,0,12.28,0.00,0.00,0.00,0.00,1.000,1.000,0.00,0,255.00,1,12.81,12.98,-0.17,1.165,1.177,1.922,1.942,-0.002,0.000,0.006,12.28,13,-0.3075
2065308,1.163,1.165,1.183,1.148,1.183,1.148,0.167,12.38,0.1238,1.921,0.000,12.38,12.38,0.00,0,0,-1.44586,12.38,12.38,0.00,0,0,12.38,0.00,0.00,0.00,0.00,1.000,1.000,0.00,0,255.00,1,12.88,12.97,-0.09,1.168,1.179,1.925,1.946,-0.004,0.000,0.003,12.38,13,-0.3065
2065435,1.173,1.173,1.195,1.165,1.195,1.165,0.146,12.46,0.1246,1.932,0.000,12.46,12.46,0.00,0,0,-1.44433,12.46,12.46,0.00,0,0,12.46,0.00,0.00,0.00,0.00,1.000,1.000,0.00,0,255.00,1,12.89,12.93,-0.04,1.176,1.187,1.921,1.917,-0.003,0.000,0.002,12.46,12,0.3796
2065572,1.181,1.177,1.227,1.178,1.227,1.178,0.149,12.55,0.1255,1.942,0.000,12.55,12.55,0.00,0,0,-1.44440,12.55,12.55,0.00,0,0,12.55,0.00,0.00,0.00,0.00,1.000,1.000,0.00,0,255.00,1,13.03,13.01,0.02,1.180,1.192,1.926,1.914,0.001,-0.000,0.004,12.55,13,0.0066
2065701,1.190,1.187,1.248,1.203,1.248,1.203,0.219,12.70,0.1270,1.957,0.000,12.70,12.70,0.00,0,0,-1.44581,12.70,12.70,0.00,0,0,12.70,0.00,0.00,0.00,0.00,1.000,1.000,0.00,0,255.00,1,13.49,13.38,0.11,1.191,1.211,1.923,1.901,-0.001,-0.000,0.013,12.70,13,-0.3631
2065836,1.194,1.192,1.272,1.230,1.272,1.230,0.213,12.95,0.1295,1.978,0.000,12.95,12.95,0.00,0,0,-1.44973,12.95,12.95,0.00,0,0,12.95,0.00,0.00,0.00,0.00,1.000,1.000,0.00,0,255.00,1,13.79,13.54,0.25,1.196,1.216,1.937,1.951,-0.001,-0.001,0.027,12.95,13,0.1578
2065964,1.203,1.198,1.330,1.253,1.330,1.253,0.237,13.15,0.1315,1.997,0.000,13.15,13.15,0.00,0,0,-1.45427,13.15,13.15,0.00,0,0,13.15,0.00,0.00,0.00,0.00,1.000,1.000,0.00,1,60.00,1,14.14,13.79,0.35,1.203,1.227,1.948,1.974,0.000,-0.001,0.045,13.15,13,0.4272
2066097,1.207,1.206,1.364,1.281,1.364,1.281,0.363,13.39,0.1339,2.018,0.000,13.39,13.39,0.00,0,0,-1.46019,13.39,13.39,0.00,0,0,13.39,0.00,0.00,0.00,0.00,1.000,1.000,0.00,1,60.00,1,14.95,14.47,0.48,1.213,1.248,1.956,2.002,-0.005,-0.001,0.096,13.39,13,0.2899
2066224,1.217,1.216,1.400,1.317,1.400,1.317,0.406,14.57,0.1457,2.064,0.000,14.57,14.57,0.00,0,0,-1.46836,14.57,14.57,0.00,0,0,14.57,0.00,0.00,0.00,0.00,1.000,1.000,0.00,1,60.00,1,16.06,15.42,0.64,1.225,1.272,1.996,2.170,-0.007,-0.002,0.128,14.57,15,-0.4925
2066363,1.253,1.245,1.483,1.354,1.483,1.354,0.422,14.94,0.1494,2.123,0.000,14.94,14.94,0.00,0,0,-1.47781,14.94,14.94,0.00,0,0,14.94,0.00,0.00,0.00,0.00,1.000,1.000,0.00,1,60.00,1,16.48,15.80,0.68,1.255,1.306,2.025,2.092,-0.001,-0.001,0.141,14.94,15,-0.2625
2066489,1.279,1.273,1.529,1.412,1.529,1.412,0.522,16.28,0.1628,2.220,0.000,16.28,16.28,0.00,0,0,-1.49264,16.28,16.28,0.00,0,0,16.28,0.00,0.00,0.01,0.01,1.000,1.001,0.00,1,60.00,1,17.98,17.11,0.86,1.287,1.355,2.072,2.269,-0.006,-0.002,0.209,16.28,16,0.0925
2066624,1.346,1.323,1.578,1.457,1.578,1.457,0.540,16.08,0.1608,2.294,0.000,16.08,16.08,0.00,0,0,-1.50506,16.08,16.08,0.00,0,0,16.07,0.00,0.01,0.02,0.01,1.000,1.001,0.01,1,60.00,1,17.99,17.15,0.84,1.337,1.405,2.088,2.019,0.012,-0.001,0.210,16.08,16,-0.1771
2066753,1.379,1.369,1.686,1.509,1.686,1.509,0.593,16.35,0.1635,2.347,0.000,16.35,16.35,0.00,0,0,-1.51737,16.35,16.35,0.00,0,0,16.33,0.00,0.02,0.04,0.02,1.000,1.002,0.02,1,60.00,1,18.31,17.44,0.87,1.385,1.463,2.050,1.959,-0.004,-0.001,0.223,16.35,16,0.4426
2066887,1.410,1.403,1.745,1.568,1.745,1.568,0.597,17.39,0.1739,2.417,0.000,17.39,17.39,0.00,0,0,-1.53152,17.39,17.39,0.00,0,0,17.35,0.00,0.04,0.06,0.03,1.000,1.004,0.04,1,60.00,1,19.11,18.10,1.01,1.420,1.507,2.059,2.133,-0.011,-0.002,0.259,17.39,18,-0.3394
2067012,1.474,1.455,1.806,1.632,1.806,1.632,0.782,17.94,0.1794,2.495,0.000,17.94,17.94,0.00,0,0,-1.54721,17.94,17.94,0.00,0,0,17.87,0.00,0.07,0.13,0.05,1.000,1.008,0.07,1,60.00,1,20.37,19.27,1.10,1.476,1.579,2.079,2.101,0.002,-0.002,0.356,17.94,18,0.0296
2067144,1.537,1.513,1.871,1.705,1.871,1.705,0.816,18.54,0.1854,2.574,0.000,18.54,18.54,0.00,0,0,-1.56424,18.54,18.54,0.00,0,0,18.42,0.00,0.12,0.20,0.08,1.000,1.012,0.12,1,60.00,1,21.01,19.82,1.19,1.535,1.647,2.089,2.072,0.003,-0.002,0.395,18.54,18,0.2797
2067273,1.587,1.570,2.010,1.783,2.010,1.783,0.788,19.39,0.1939,2.661,0.000,19.39,19.39,0.00,0,0,-1.58303,19.39,19.39,0.00,0,0,19.20,0.00,0.19,0.27,0.11,1.000,1.017,0.19,1,60.00,1,21.58,20.28,1.30,1.594,1.709,2.103,2.135,-0.006,-0.002,0.426,19.39,19,-0.0813
2067405,1.674,1.650,2.084,1.886,2.084,1.886,0.894,20.37,0.2037,2.776,0.000,20.37,20.37,0.00,0,0,-1.61023,20.37,20.37,0.00,0,0,20.07,0.00,0.29,0.44,0.15,1.000,1.024,0.29,1,60.00,1,22.88,21.43,1.45,1.676,1.804,2.133,2.215,0.002,-0.003,0.538,20.37,21,-0.1701
2067532,1.745,1.727,2.162,1.969,2.162,1.969,0.945,20.74,0.2074,2.854,0.000,20.74,20.74,0.00,0,0,-1.63169,20.74,20.74,0.00,0,0,20.33,0.00,0.41,0.60,0.19,1.000,1.030,0.41,1,60.00,1,23.40,21.92,1.48,1.755,1.890,2.132,2.119,-0.008,-0.002,0.571,20.74,21,-0.4897
2067668,1.834,1.809,2.326,2.052,2.326,2.052,0.932,20.99,0.2099,2.919,0.000,20.99,20.99,0.00,0,0,-1.65337,20.99,20.99,0.00,0,0,20.45,0.00,0.54,0.73,0.23,1.000,1.037,0.54,1,60.00,1,23.48,21.99,1.49,1.837,1.975,2.105,2.037,-0.000,-0.002,0.551,20.99,21,-0.0020
2067794,1.909,1.893,2.413,2.168,2.413,2.168,0.808,22.31,0.2231,3.023,0.000,22.31,22.31,0.00,0,0,-1.68496,22.31,22.31,0.00,0,0,21.58,0.00,0.73,0.82,0.30,1.000,1.048,0.73,1,60.00,1,24.03,22.37,1.66,1.921,2.056,2.134,2.284,-0.012,-0.003,0.584,22.31,22,0.3985
2067925,2.020,1.993,2.502,2.257,2.502,2.257,1.097,22.32,0.2232,3.089,0.000,22.32,22.32,0.00,0,0,-1.70913,22.32,22.32,0.00,0,0,21.39,0.00,0.93,1.34,0.35,1.000,1.056,0.93,1,60.00,1,25.33,23.70,1.62,2.025,2.182,2.131,2.048,0.001,-0.002,0.691,22.32,22,0.3921
2068052,2.115,2.087,2.596,2.360,2.596,2.360,1.158,23.00,0.2300,3.144,0.000,23.00,23.00,0.00,0,0,-1.73300,23.00,23.00,0.00,0,0,21.77,0.00,1.24,1.69,0.41,1.000,1.066,1.24,1,60.00,1,25.99,24.32,1.67,2.122,2.291,2.091,2.044,-0.004,-0.002,0.716,23.00,23,0.2245
2068184,2.233,2.193,2.791,2.471,2.791,2.471,1.115,23.65,0.2365,3.215,0.000,23.65,23.65,0.00,0,0,-1.75839,23.65,23.65,0.00,0,0,22.06,0.00,1.59,1.94,0.48,1.000,1.077,1.59,1,60.00,1,26.24,24.55,1.69,2.228,2.400,2.078,1.965,0.007,-0.002,0.675,23.65,24,0.1462
2068309,2.325,2.299,2.894,2.587,2.894,2.587,1.391,24.57,0.2457,3.282,0.000,24.57,24.57,0.00,0,0,-1.78390,24.57,24.57,0.00,0,0,22.54,0.00,2.03,2.85,0.55,1.000,1.089,2.03,1,60.00,1,28.08,26.31,1.77,2.340,2.539,2.047,1.997,-0.008,-0.002,0.842,24.57,25,-0.2131
2068443,2.444,2.418,2.999,2.702,2.999,2.702,1.347,25.05,0.2505,3.341,0.000,25.05,25.05,0.00,0,0,-1.80909,25.05,25.05,0.00,0,0,22.62,0.00,2.43,3.17,0.63,1.000,1.100,2.43,1,60.00,1,28.07,26.34,1.73,2.459,2.661,1.996,1.921,-0.010,-0.002,0.752,25.05,25,-0.0674
2068570,2.576,2.542,3.220,2.837,3.220,2.837,1.368,26.24,0.2624,3.417,0.000,26.24,26.24,0.00,0,0,-1.83525,26.24,26.24,0.00,0,0,23.15,0.00,3.09,3.72,0.71,1.000,1.113,3.09,1,60.00,1,28.95,27.16,1.79,2.585,2.797,1.972,1.950,-0.007,-0.002,0.754,26.24,27,-0.4905
2068704,2.754,2.697,3.335,2.965,3.335,2.965,1.289,26.24,0.2624,3.482,0.000,26.24,26.24,0.00,0,0,-1.86065,26.24,26.24,0.00,0,0,22.65,0.00,3.58,3.94,0.78,1.000,1.124,3.58,1,60.00,1,28.35,26.73,1.62,2.740,2.949,1.910,1.623,0.017,-0.001,0.570,26.24,26,-0.2323
2068831,2.898,2.864,3.453,3.112,3.453,3.112,1.669,26.81,0.2681,3.514,0.000,26.81,26.81,0.00,0,0,-1.88260,26.81,26.81,0.00,0,0,22.37,0.00,4.44,5.72,0.85,1.000,1.136,4.44,1,60.00,1,29.98,28.47,1.51,2.914,3.163,1.754,1.451,-0.013,0.000,0.614,26.81,27,-0.3983
2068968,3.070,3.014,3.699,3.255,3.699,3.255,1.582,27.52,0.2752,3.565,0.000,27.52,27.52,0.00,0,0,-1.90495,27.52,27.52,0.00,0,0,22.45,0.00,5.07,5.93,0.91,1.000,1.146,5.07,1,60.00,1,29.82,28.37,1.45,3.065,3.314,1.679,1.431,0.009,0.000,0.485,27.52,28,-0.1942
2069094,3.227,3.181,3.826,3.415,3.826,3.415,1.880,28.58,0.2858,3.611,0.000,28.58,28.58,0.00,0,0,-1.92569,28.58,28.58,0.00,0,0,22.58,0.00,5.99,7.60,0.96,1.000,1.154,5.99,1,60.00,1,31.68,30.25,1.42,3.239,3.518,1.584,1.409,-0.003,0.001,0.552,28.58,29,-0.0280
2069225,3.392,3.343,3.957,3.583,3.957,3.583,1.847,29.92,0.2992,3.676,0.000,29.92,29.92,0.00,0,0,-1.94691,29.92,29.92,0.00,0,0,23.08,0.00,6.84,7.88,0.99,1.000,1.159,6.84,1,60.00,1,32.37,30.92,1.44,3.401,3.686,1.544,1.485,-0.006,0.000,0.501,29.92,30,0.2401
2069357,3.630,3.574,4.228,3.739,4.228,3.739,1.734,29.65,0.2965,3.712,0.000,29.65,29.65,0.00,0,0,-1.96365,29.65,29.65,0.00,0,0,22.47,0.00,7.18,7.56,1.00,1.000,1.160,7.18,1,60.00,1,30.85,29.88,0.97,3.632,3.915,1.390,0.912,0.003,0.003,0.185,29.65,30,-0.0551
2069489,3.800,3.760,4.368,3.916,4.368,3.916,2.069,30.61,0.3061,3.742,0.000,30.61,30.61,0.00,0,0,-1.97719,30.61,30.61,0.00,0,0,22.88,0.00,7.73,8.50,1.00,1.000,1.160,7.73,1,60.00,1,32.76,31.82,0.93,3.824,4.138,1.248,0.997,-0.017,0.002,0.236,30.61,31,-0.3434
2069617,4.034,3.966,4.511,4.084,4.511,4.084,1.949,30.98,0.3098,3.768,0.000,30.98,30.98,0.00,0,0,-1.98907,30.98,30.98,0.00,0,0,23.01,0.00,7.97,8.50,1.00,1.000,1.160,7.97,1,60.00,1,31.96,31.27,0.69,4.029,4.338,1.143,0.829,0.015,0.003,0.096,30.98,31,0.2951
2069753,4.201,4.152,4.807,4.260,4.807,4.260,1.954,31.58,0.3158,3.784,0.000,31.58,31.58,0.00,0,0,-1.99877,31.58,31.58,0.00,0,0,23.39,0.00,8.19,8.50,1.00,1.000,1.160,8.19,1,60.00,1,32.17,31.55,0.63,4.216,4.527,1.055,0.885,-0.012,0.002,0.071,31.58,31,0.3159
2069879,4.357,4.319,4.958,4.443,4.958,4.443,1.841,32.40,0.3240,3.802,0.000,32.40,32.40,0.00,0,0,-2.00908,32.40,32.40,0.00,0,0,24.07,0.00,8.33,8.50,1.00,1.000,1.160,8.33,1,60.00,1,32.28,31.56,0.72,4.380,4.680,1.030,1.093,-0.024,0.001,0.085,32.40,33,-0.3948
2070014,4.561,4.501,5.113,4.630,5.113,4.630,2.202,33.08,0.3308,3.820,0.000,33.08,33.08,0.00,0,0,-2.02045,33.08,33.08,0.00,0,0,24.67,0.00,8.41,8.50,1.00,1.000,1.160,8.41,1,60.00,1,35.01,34.23,0.78,4.567,4.889,1.047,1.077,0.004,0.000,0.187,33.08,33,0.1363
2070139,4.729,4.685,5.269,4.827,5.269,4.827,2.180,33.87,0.3387,3.836,0.000,33.87,33.87,0.00,0,0,-2.03224,33.87,33.87,0.00,0,0,25.42,0.00,8.45,8.50,1.00,1.000,1.160,8.45,1,60.00,1,35.73,34.86,0.87,4.750,5.069,1.044,1.097,-0.020,-0.000,0.213,33.87,34,-0.2507
2070274,4.913,4.871,5.569,5.049,5.569,5.049,1.822,35.02,0.3502,3.861,0.000,35.02,35.02,0.00,0,0,-2.05035,35.02,35.02,0.00,0,0,26.56,0.00,8.46,8.50,1.00,1.000,1.160,8.46,1,60.00,1,35.27,34.21,1.06,4.929,5.213,1.133,1.516,-0.014,-0.003,0.225,35.02,36,-0.4937
2070400,5.146,5.066,5.712,5.236,5.712,5.236,2.185,35.65,0.3565,3.885,0.000,35.65,35.65,0.00,0,0,-2.06663,35.65,35.65,0.00,0,0,27.17,0.00,8.48,8.50,1.00,1.000,1.160,8.48,1,60.00,1,38.35,37.30,1.05,5.129,5.436,1.211,1.231,0.029,-0.002,0.360,35.65,36,0.0889
2070532,5.309,5.257,5.856,5.428,5.856,5.428,2.113,36.41,0.3641,3.900,0.000,36.41,36.41,0.00,0,0,-2.08217,36.41,36.41,0.00,0,0,27.92,0.00,8.49,8.50,1.00,1.000,1.160,8.49,1,60.00,1,38.67,37.62,1.05,5.320,5.624,1.198,1.122,-0.008,-0.001,0.319,36.41,37,-0.3782
2070659,5.506,5.454,6.130,5.619,6.130,5.619,1.906,37.09,0.3709,3.908,0.000,37.09,37.09,0.00,0,0,-2.09700,37.09,37.09,0.00,0,0,28.60,0.00,8.49,8.50,1.00,1.000,1.160,8.49,1,60.00,1,37.87,36.88,0.98,5.515,5.808,1.142,1.027,-0.007,-0.001,0.202,37.09,37,0.1907
2070794,5.715,5.646,6.263,5.791,6.263,5.791,1.719,37.59,0.3759,3.910,0.000,37.59,37.59,0.00,0,0,-2.11117,37.59,37.59,0.00,0,0,29.09,0.00,8.50,8.50,1.00,1.000,1.160,8.50,1,60.00,1,37.01,36.17,0.84,5.704,5.986,1.103,0.951,0.015,-0.001,0.125,37.59,38,-0.2986
2070921,5.859,5.817,6.392,5.961,6.392,5.961,1.980,38.30,0.3830,3.906,0.000,38.30,38.30,0.00,0,0,-2.12406,38.30,38.30,0.00,0,0,29.80,0.00,8.50,8.50,1.00,1.000,1.160,8.50,1,60.00,1,39.28,38.41,0.86,5.878,6.177,1.080,1.066,-0.013,-0.001,0.169,38.30,38,-0.1520
2071055,6.014,5.970,6.518,6.134,6.518,6.134,1.897,39.28,0.3928,3.905,0.000,39.28,39.28,0.00,0,0,-2.13770,39.28,39.28,0.00,0,0,30.78,0.00,8.50,8.50,1.00,1.000,1.160,8.50,1,60.00,1,39.91,38.92,0.98,6.030,6.318,1.110,1.289,-0.013,-0.002,0.206,39.28,39,0.4861
2071182,6.185,6.129,6.762,6.305,6.762,6.305,1.700,40.23,0.4023,3.915,0.000,40.23,40.23,0.00,0,0,-2.15410,40.23,40.23,0.00,0,0,31.73,0.00,8.50,8.50,1.00,1.000,1.160,8.50,1,60.00,1,39.96,38.92,1.04,6.184,6.454,1.195,1.353,0.004,-0.003,0.210,40.23,41,-0.4043
2071314,6.400,6.340,6.878,6.469,6.878,6.469,1.890,40.48,0.4048,3.908,0.000,40.48,40.48,0.00,0,0,-2.16715,40.48,40.48,0.00,0,0,31.98,0.00,8.50,8.50,1.00,1.000,1.160,8.50,1,60.00,1,41.32,40.55,0.77,6.398,6.684,1.165,0.993,0.010,-0.001,0.134,40.48,41,-0.1931
2071442,6.563,6.521,6.992,6.633,6.992,6.633,1.780,41.04,0.4104,3.888,0.000,41.04,41.04,0.00,0,0,-2.17699,41.04,41.04,0.00,0,0,32.54,0.00,8.50,8.50,1.00,1.000,1.160,8.50,1,60.00,1,40.80,40.15,0.65,6.579,6.858,1.095,1.001,-0.013,-0.000,0.079,41.04,41,0.0723
2071572,6.709,6.666,7.210,6.791,7.210,6.791,1.582,41.98,0.4198,3.876,0.000,41.98,41.98,0.00,0,0,-2.18797,41.98,41.98,0.00,0,0,33.48,0.00,8.50,8.50,1.00,1.000,1.160,8.50,1,60.00,1,40.48,39.76,0.72,6.720,6.981,1.118,1.251,-0.010,-0.002,0.113,41.98,42,0.1419
2071699,6.881,6.827,7.315,6.942,7.315,6.942,1.727,42.63,0.4263,3.865,0.000,42.63,42.63,0.00,0,0,-2.19898,42.63,42.63,0.00,0,0,34.13,0.00,8.50,8.50,1.00,1.000,1.160,8.50,1,60.00,1,42.43,41.76,0.67,6.882,7.148,1.167,1.244,0.006,-0.001,0.091,42.63,43,-0.4701
2071827,7.064,7.014,7.415,7.090,7.415,7.090,1.610,42.92,0.4292,3.840,0.000,42.92,42.92,0.00,0,0,-2.20654,42.92,42.92,0.00,0,0,34.42,0.00,8.50,8.50,1.00,1.000,1.160,8.50,1,60.00,1,41.72,41.28,0.43,7.067,7.325,1.138,1.058,0.000,-0.000,0.047,42.92,43,-0.1814
2071952,7.193,7.154,7.513,7.223,7.513,7.223,1.438,43.50,0.4350,3.813,0.000,43.50,43.50,0.00,0,0,-2.21268,43.50,43.50,0.00,0,0,35.00,0.00,8.50,8.50,1.00,1.000,1.160,8.50,0,255.00,1,41.08,40.71,0.37,7.204,7.446,1.148,1.247,-0.009,-0.001,0.087,43.50,44,-0.3846
2072084,7.318,7.279,7.701,7.353,7.701,7.353,1.300,44.24,0.4424,3.792,0.000,44.24,44.24,0.00,0,0,-2.21957,44.24,44.24,0.00,0,0,35.76,0.00,8.49,8.43,0.98,1.000,1.157,8.49,0,255.00,1,41.22,40.81,0.40,7.325,7.549,1.227,1.454,-0.006,-0.002,0.129,44.24,44,-0.1755
2072209,7.465,7.426,7.789,7.478,7.789,7.478,1.439,44.63,0.4463,3.768,0.000,44.63,44.63,0.00,0,0,-2.22491,44.63,44.63,0.00,0,0,36.15,0.00,8.48,8.50,0.94,1.000,1.150,8.48,0,255.00,1,42.99,42.71,0.29,7.473,7.701,1.282,1.397,-0.004,-0.001,0.045,44.63,44,0.3467
2072340,7.588,7.565,7.875,7.602,7.875,7.602,1.352,44.97,0.4497,3.733,0.000,44.97,44.97,0.00,0,0,-2.22731,44.97,44.97,0.00,0,0,36.61,0.00,8.36,7.98,0.87,1.000,1.140,8.36,0,255.00,1,42.77,42.58,0.20,7.610,7.829,1.287,1.446,-0.022,-0.001,0.062,44.97,45,0.3739
2072472,7.691,7.667,8.036,7.713,8.036,7.713,1.207,45.04,0.4504,3.697,0.000,45.04,45.04,0.00,0,0,-2.23065,45.04,45.04,0.00,0,0,37.34,0.00,7.70,6.60,0.80,1.000,1.128,7.70,0,255.00,1,42.45,42.20,0.25,7.708,7.905,1.363,1.657,-0.016,-0.002,0.089,45.04,45,0.1691
2072601,7.753,7.739,8.113,7.829,8.113,7.829,1.319,45.79,0.4579,3.670,0.000,45.79,45.79,0.00,0,0,-2.23689,45.79,45.79,0.00,0,0,38.62,0.00,7.17,6.50,0.72,1.000,1.115,7.17,0,255.00,1,45.23,44.68,0.55,7.778,7.970,1.511,2.020,-0.024,-0.004,0.074,45.79,46,-0.4636
2072726,7.836,7.819,8.185,7.941,8.185,7.941,1.210,46.26,0.4626,3.649,0.000,46.26,46.26,0.00,0,0,-2.24620,46.26,46.26,0.00,0,0,39.80,0.00,6.46,5.26,0.63,1.000,1.101,6.46,0,255.00,1,46.09,45.35,0.74,7.855,8.027,1.672,2.168,-0.020,-0.005,0.132,46.26,47,-0.4473
2072854,7.943,7.923,8.255,8.040,8.255,8.040,1.067,45.95,0.4595,3.618,0.000,45.95,45.95,0.00,0,0,-2.25613,45.95,45.95,0.00,0,0,40.46,0.00,5.49,4.06,0.55,1.000,1.088,5.49,0,255.00,1,45.56,44.86,0.70,7.956,8.111,1.767,2.033,-0.013,-0.005,0.115,45.95,46,0.3541
2072985,7.979,7.981,8.385,8.128,8.385,8.128,0.960,46.09,0.4609,3.584,0.000,46.09,46.09,0.00,0,0,-2.26732,46.09,46.09,0.00,0,0,41.56,0.00,4.53,3.17,0.48,1.000,1.076,4.53,0,255.00,1,45.79,44.90,0.89,8.010,8.148,1.865,2.283,-0.033,-0.006,0.181,46.09,46,-0.1024
2073113,7.984,7.991,8.446,8.220,8.446,8.220,1.049,47.32,0.4732,3.572,0.000,47.32,47.32,0.00,0,0,-2.28491,47.32,47.32,0.00,0,0,43.49,0.00,3.83,2.93,0.40,1.000,1.064,3.83,0,255.00,1,49.40,47.99,1.41,8.019,8.149,2.083,2.812,-0.036,-0.008,0.549,47.32,47,0.3266
2073239,8.079,8.058,8.504,8.309,8.504,8.309,0.965,47.91,0.4791,3.574,0.000,47.91,47.91,0.00,0,0,-2.30697,47.91,47.91,0.00,0,0,44.73,0.00,3.18,2.22,0.33,1.000,1.053,3.18,0,255.00,1,50.67,49.12,1.55,8.083,8.202,2.277,2.703,-0.003,-0.008,0.680,47.91,47,0.4964
2073371,8.278,8.219,8.609,8.388,8.609,8.388,0.845,47.02,0.4702,3.552,0.000,47.02,47.02,0.00,0,0,-2.32529,47.02,47.02,0.00,0,0,44.50,0.00,2.52,1.59,0.27,1.000,1.043,2.52,0,255.00,1,48.68,47.65,1.03,8.244,8.365,2.244,1.867,0.040,-0.003,0.272,47.02,47,-0.2654
2073498,8.276,8.275,8.657,8.486,8.657,8.486,0.795,47.93,0.4793,3.514,0.000,47.93,47.93,0.00,0,0,-2.34737,47.93,47.93,0.00,0,0,46.11,0.00,1.81,1.11,0.20,1.000,1.032,1.81,0,255.00,1,49.09,47.81,1.28,8.299,8.416,2.203,2.401,-0.023,-0.004,0.375,47.93,47,0.4489
2073626,8.277,8.270,8.702,8.554,8.702,8.554,0.733,49.35,0.4935,3.518,0.000,49.35,49.35,0.00,0,0,-2.37097,49.35,49.35,0.00,0,0,47.96,0.00,1.39,0.80,0.15,1.000,1.024,1.39,0,255.00,1,51.20,49.47,1.73,8.291,8.392,2.385,2.957,-0.014,-0.007,0.716,49.35,49,0.1002
2073753,8.408,8.384,8.743,8.631,8.743,8.631,0.569,49.51,0.4951,3.518,0.000,49.51,49.51,0.00,0,0,-2.40167,49.51,49.51,0.00,0,0,48.59,0.00,0.92,0.44,0.11,1.000,1.012,0.92,0,255.00,1,50.42,48.93,1.48,8.403,8.494,2.475,2.560,0.006,-0.004,0.474,49.51,50,-0.3725
2073878,8.550,8.514,8.817,8.682,8.817,8.682,0.509,48.91,0.4891,3.495,0.000,48.91,48.91,0.00,0,0,-2.41896,48.91,48.91,0.00,0,0,48.25,0.00,0.66,0.30,0.08,1.000,1.007,0.66,0,255.00,1,48.57,47.59,0.99,8.534,8.631,2.378,2.018,0.019,-0.001,0.181,48.91,49,-0.0715
2074002,8.538,8.548,8.850,8.730,8.850,8.730,0.555,49.56,0.4956,3.468,0.000,49.56,49.56,0.00,0,0,-2.43351,49.56,49.56,0.00,0,0,49.08,0.00,0.48,0.24,0.06,1.000,1.006,0.48,0,255.00,1,49.25,48.17,1.08,8.569,8.669,2.319,2.434,-0.032,-0.002,0.226,49.56,49,0.2837
2074133,8.537,8.540,8.879,8.777,8.879,8.777,0.505,50.89,0.5089,3.470,0.000,50.89,50.89,0.00,0,0,-2.45339,50.89,50.89,0.00,0,0,50.54,0.00,0.34,0.15,0.04,1.000,1.003,0.34,0,255.00,1,51.05,49.63,1.42,8.557,8.642,2.470,2.972,-0.022,-0.005,0.420,50.89,51,-0.3452
2074262,8.658,8.626,8.928,8.821,8.928,8.821,0.429,50.92,0.5092,3.473,0.000,50.92,50.92,0.00,0,0,-2.47282,50.92,50.92,0.00,0,0,50.69,0.00,0.23,0.09,0.03,1.000,1.001,0.23,0,255.00,1,50.78,49.63,1.15,8.643,8.723,2.549,2.576,0.018,-0.003,0.262,50.92,51,-0.3029
2074392,8.722,8.711,8.947,8.857,8.947,8.857,0.361,50.74,0.5074,3.455,0.000,50.74,50.74,0.00,0,0,-2.48642,50.74,50.74,0.00,0,0,50.58,0.00,0.15,0.05,0.02,1.000,1.001,0.15,0,255.00,1,49.40,48.56,0.84,8.728,8.808,2.483,2.368,-0.006,-0.001,0.143,50.74,51,-0.3122
2074521,8.716,8.716,8.964,8.889,8.964,8.889,0.354,51.59,0.5159,3.449,0.000,51.59,51.59,0.00,0,0,-2.50113,51.59,51.59,0.00,0,0,51.49,0.00,0.10,0.03,0.01,1.000,1.000,0.10,0,255.00,1,50.50,49.48,1.02,8.732,8.805,2.541,2.805,-0.016,-0.003,0.207,51.59,52,-0.4089
2074654,8.740,8.736,8.977,8.917,8.977,8.917,0.298,52.22,0.5222,3.453,0.000,52.22,52.22,0.00,0,0,-2.51709,52.22,52.22,0.00,0,0,52.16,0.00,0.06,0.01,0.01,1.000,1.000,0.06,0,255.00,1,51.24,50.16,1.08,8.748,8.811,2.651,2.980,-0.008,-0.003,0.235,52.22,53,-0.4412
2074790,8.800,8.780,8.995,8.942,8.995,8.942,0.237,52.43,0.5243,3.458,0.000,52.43,52.43,0.00,0,0,-2.53274,52.43,52.43,0.00,0,0,52.40,0.00,0.04,0.01,0.00,1.000,1.000,0.04,0,255.00,1,51.34,50.39,0.95,8.791,8.845,2.738,2.876,0.011,-0.003,0.184,52.43,53,-0.1236
2074917,8.838,8.832,8.999,8.960,8.999,8.960,0.191,52.36,0.5236,3.451,0.000,52.36,52.36,0.00,0,0,-2.54470,52.36,52.36,0.00,0,0,52.34,0.00,0.02,0.00,0.00,1.000,1.000,0.02,0,255.00,1,50.72,49.97,0.75,8.843,8.895,2.738,2.770,-0.004,-0.002,0.127,52.36,53,-0.2318
2075054,8.799,8.804,8.584,8.974,8.584,8.974,0.133,53.29,0.5329,3.458,0.000,53.29,53.29,0.00,0,0,-2.55893,53.29,53.29,0.00,0,0,53.28,0.00,0.01,0.00,0.00,1.000,1.000,0.01,0,255.00,1,51.83,50.83,1.00,8.812,8.850,2.861,3.279,-0.014,-0.004,0.216,53.29,53,-0.1966
2075179,8.862,8.845,8.562,8.858,8.562,8.858,-1.336,50.30,0.5030,3.435,0.000,50.30,50.30,0.00,0,0,-2.56528,50.30,50.30,0.00,0,0,50.29,0.00,0.01,0.00,0.00,1.000,1.000,0.01,0,255.00,1,34.77,34.85,-0.08,8.831,8.761,2.911,2.880,0.034,-0.001,2.981,50.30,50,0.0460
2075310,8.711,8.732,8.540,8.726,8.540,8.726,-0.941,48.95,0.4895,3.380,0.000,48.95,48.95,0.00,0,0,-2.56397,48.95,48.95,0.00,0,0,48.95,0.00,0.00,0.00,0.00,1.000,1.000,0.00,0,255.00,1,38.86,38.99,-0.12,8.718,8.650,3.105,3.744,-0.009,-0.003,1.263,48.95,49,0.0693
2075438,8.441,8.504,8.517,8.656,8.517,8.656,-0.704,50.70,0.5070,3.394,0.000,50.70,50.70,0.00,0,0,-2.57316,50.70,50.70,0.00,0,0,50.70,0.00,0.00,0.00,0.00,1.000,1.000,0.00,0,255.00,1,46.32,45.41,0.91,8.485,8.394,3.615,5.222,-0.052,-0.010,0.390,50.70,50,0.4898
2075571,8.406,8.418,8.473,8.601,8.473,8.601,-0.541,50.96,0.5096,3.438,0.000,50.96,50.96,0.00,0,0,-2.58953,50.96,50.96,0.00,0,0,50.96,0.00,0.00,0.00,0.00,1.000,1.000,0.00,0,255.00,1,51.14,50.01,1.13,8.398,8.299,4.089,5.111,0.007,-0.010,0.316,50.96,51,0.4305
2075696,8.510,8.490,8.451,8.555,8.451,8.555,-0.497,49.27,0.4927,3.447,0.000,49.27,49.27,0.00,0,0,-2.59899,49.27,49.27,0.00,0,0,49.27,0.00,0.00,0.00,0.00,1.000,1.000,0.00,0,255.00,1,49.99,49.58,0.41,8.473,8.390,4.129,3.883,0.041,-0.003,0.049,49.27,49,-0.0147
2075826,8.394,8.429,8.429,8.517,8.429,8.517,-0.416,49.38,0.4938,3.444,0.000,49.38,49.38,0.00,0,0,-2.60494,49.38,49.38,0.00,0,0,49.38,0.00,0.00,0.00,0.00,1.000,1.000,0.00,0,255.00,1,50.45,49.90,0.55,8.415,8.343,4.080,4.165,-0.024,-0.003,0.088,49.38,49,0.4199
2075958,8.247,8.273,8.385,8.482,8.385,8.482,-0.375,50.96,0.5096,3.489,0.000,50.96,50.96,0.00,0,0,-2.62161,50.96,50.96,0.00,0,0,50.96,0.00,0.00,0.00,0.00,1.000,1.000,0.00,0,255.00,1,53.91,52.61,1.30,8.256,8.175,4.328,5.023,-0.012,-0.008,0.534,50.96,51,0.3079
2076090,8.290,8.274,8.363,8.450,8.363,8.450,-0.328,50.61,0.5061,3.534,0.000,50.61,50.61,0.00,0,0,-2.63963,50.61,50.61,0.00,0,0,50.61,0.00,0.00,0.00,0.00,1.000,1.000,0.00,0,255.00,1,54.49,53.39,1.10,8.259,8.186,4.435,4.403,0.035,-0.004,0.489,50.61,51,-0.0269
2076216,8.397,8.378,8.341,8.418,8.341,8.418,-0.358,48.78,0.4878,3.527,0.000,48.78,48.78,0.00,0,0,-2.64657,48.78,48.78,0.00,0,0,48.78,0.00,0.00,0.00,0.00,1.000,1.000,0.00,0,255.00,1,50.50,50.26,0.24,8.368,8.319,4.165,3.280,0.033,0.002,0.046,48.78,49,-0.1220
2076347,8.153,8.230,8.319,8.387,8.319,8.387,-0.338,50.19,0.5019,3.534,0.000,50.19,50.19,0.00,0,0,-2.65535,50.19,50.19,0.00,0,0,50.19,0.00,0.00,0.00,0.00,1.000,1.000,0.00,0,255.00,1,51.72,50.77,0.95,8.220,8.168,4.116,4.534,-0.075,-0.003,0.229,50.19,50,0.2089
2076479,8.128,8.136,8.276,8.359,8.276,8.359,-0.304,51.12,0.5112,3.585,0.000,51.12,51.12,0.00,0,0,-2.67457,51.12,51.12,0.00,0,0,51.12,0.00,0.00,0.00,0.00,1.000,1.000,0.00,0,255.00,1,54.26,52.88,1.37,8.124,8.064,4.338,4.854,0.003,-0.005,0.561,51.12,51,0.0810
2076616,8.215,8.190,8.254,8.331,8.254,8.331,-0.281,50.20,0.5020,3.616,0.000,50.20,50.20,0.00,0,0,-2.69045,50.20,50.20,0.00,0,0,50.20,0.00,0.00,0.00,0.00,1.000,1.000,0.00,0,255.00,1,53.21,52.35,0.87,8.180,8.133,4.319,3.953,0.039,-0.001,0.280,50.20,50,-0.0905
2076741,8.263,8.265,8.232,8.301,8.232,8.301,-0.340,48.74,0.4874,3.598,0.000,48.74,48.74,0.00,0,0,-2.69524,48.74,48.74,0.00,0,0,48.74,0.00,0.00,0.00,0.00,1.000,1.000,0.00,0,255.00,1,49.23,49.03,0.20,8.259,8.228,4.021,3.275,0.006,0.004,0.006,48.74,49,-0.0461
2076876,8.029,8.084,8.189,8.273,8.189,8.273,-0.307,50.64,0.5064,3.619,0.000,50.64,50.64,0.00,0,0,-2.70756,50.64,50.64,0.00,0,0,50.64,0.00,0.00,0.00,0.00,1.000,1.000,0.00,0,255.00,1,51.98,50.84,1.14,8.075,8.032,4.114,4.762,-0.053,-0.004,0.301,50.64,51,-0.0916
2077003,8.059,8.048,8.168,8.243,8.168,8.243,-0.346,50.82,0.5082,3.666,0.000,50.82,50.82,0.00,0,0,-2.72644,50.82,50.82,0.00,0,0,50.82,0.00,0.00,0.00,0.00,1.000,1.000,0.00,0,255.00,1,52.86,51.67,1.18,8.037,7.985,4.306,4.568,0.023,-0.003,0.357,50.82,51,-0.2014
2077136,8.179,8.145,8.146,8.215,8.146,8.215,-0.317,49.28,0.4928,3.673,0.000,49.28,49.28,0.00,0,0,-2.73696,49.28,49.28,0.00,0,0,49.28,0.00,0.00,0.00,0.00,1.000,1.000,0.00,0,255.00,1,50.49,50.08,0.41,8.138,8.104,4.162,3.461,0.046,0.003,0.045,49.28,49,0.4277
2077265,8.111,8.123,8.103,8.179,8.103,8.179,-0.273,48.95,0.4895,3.654,0.000,48.95,48.95,0.00,0,0,-2.74328,48.95,48.95,0.00,0,0,48.95,0.00,0.00,0.00,0.00,1.000,1.000,0.00,0,255.00,1,49.08,48.76,0.31,8.119,8.097,3.938,3.690,-0.009,0.002,0.013,48.95,49,0.3126
2077398,7.903,7.946,8.082,8.152,8.082,8.152,-0.319,50.81,0.5081,3.688,0.000,50.81,50.81,0.00,0,0,-2.75800,50.81,50.81,0.00,0,0,50.81,0.00,0.00,0.00,0.00,1.000,1.000,0.00,0,255.00,1,51.91,50.66,1.24,7.937,7.891,4.162,4.996,-0.039,-0.005,0.348,50.81,51,0.1700
2077525,7.987,7.969,8.061,8.123,8.061,8.123,-0.309,50.29,0.5029,3.725,0.000,50.29,50.29,0.00,0,0,-2.77435,50.29,50.29,0.00,0,0,50.29,0.00,0.00,0.00,0.00,1.000,1.000,0.00,0,255.00,1,52.06,51.12,0.94,7.959,7.915,4.286,4.312,0.030,-0.002,0.227,50.29,50,-0.0508
2077660,8.052,8.041,8.018,8.097,8.018,8.097,-0.288,49.05,0.4905,3.720,0.000,49.05,49.05,0.00,0,0,-2.78151,49.05,49.05,0.00,0,0,49.05,0.00,0.00,0.00,0.00,1.000,1.000,0.00,0,255.00,1,49.76,49.43,0.32,8.035,8.007,4.108,3.549,0.020,0.002,0.022,49.05,49,0.0298
2077783,7.920,7.969,7.997,8.071,7.997,8.071,-0.267,49.52,0.4952,3.717,0.000,49.52,49.52,0.00,0,0,-2.78798,49.52,49.52,0.00,0,0,49.52,0.00,0.00,0.00,0.00,1.000,1.000,0.00,0,255.00,1,49.96,49.35,0.61,7.963,7.935,4.038,4.183,-0.048,-0.000,0.071,49.52,50,-0.4525
2077916,7.829,7.847,7.976,8.044,7.976,8.044,-0.312,50.71,0.5071,3.755,0.000,50.71,50.71,0.00,0,0,-2.80376,50.71,50.71,0.00,0,0,50.71,0.00,0.00,0.00,0.00,1.000,1.000,0.00,0,255.00,1,52.06,50.86,1.19,7.838,7.791,4.259,4.901,-0.012,-0.005,0.332,50.71,51,-0.1638
2078044,7.940,7.916,7.955,8.016,7.955,8.016,-0.304,49.60,0.4960,3.775,0.000,49.60,49.60,0.00,0,0,-2.81600,49.60,49.60,0.00,0,0,49.60,0.00,0.00,0.00,0.00,1.000,1.000,0.00,0,255.00,1,50.77,50.17,0.60,7.908,7.871,4.252,3.936,0.036,0.000,0.088,49.60,50,-0.0915
2078177,7.908,7.921,7.913,7.989,7.913,7.989,-0.278,49.12,0.4912,3.768,0.000,49.12,49.12,0.00,0,0,-2.82219,49.12,49.12,0.00,0,0,49.12,0.00,0.00,0.00,0.00,1.000,1.000,0.00,0,255.00,1,49.59,49.20,0.39,7.916,7.888,4.113,3.833,-0.008,0.001,0.028,49.12,49,0.3856
2078303,7.811,7.843,7.892,7.961,7.892,7.961,-0.319,49.67,0.4967,3.775,0.000,49.67,49.67,0.00,0,0,-2.83040,49.67,49.67,0.00,0,0,49.67,0.00,0.00,0.00,0.00,1.000,1.000,0.00,0,255.00,1,49.85,49.15,0.70,7.836,7.800,4.128,4.412,-0.030,-0.002,0.096,49.67,49,0.4494
2078438,7.755,7.758,7.871,7.933,7.871,7.933,-0.308,50.38,0.5038,3.813,0.000,50.38,50.38,0.00,0,0,-2.84601,50.38,50.38,0.00,0,0,50.38,0.00,0.00,0.00,0.00,1.000,1.000,0.00,0,255.00,1,51.80,50.73,1.06,7.748,7.702,4.330,4.766,0.006,-0.004,0.272,50.38,50,0.4797
2078563,7.849,7.836,7.829,7.905,7.829,7.905,-0.280,49.12,0.4912,3.819,0.000,49.12,49.12,0.00,0,0,-2.85488,49.12,49.12,0.00,0,0,49.12,0.00,0.00,0.00,0.00,1.000,1.000,0.00,0,255.00,1,50.06,49.65,0.41,7.829,7.796,4.242,3.822,0.023,0.001,0.042,49.12,49,-0.0955
2078692,7.780,7.801,7.808,7.878,7.808,7.878,-0.321,49.10,0.4910,3.814,0.000,49.10,49.10,0.00,0,0,-2.86062,49.10,49.10,0.00,0,0,49.10,0.00,0.00,0.00,0.00,1.000,1.000,0.00,0,255.00,1,49.10,48.65,0.45,7.795,7.762,4.147,4.080,-0.017,0.000,0.033,49.10,49,-0.1508
2078816,7.679,7.715,7.788,7.852,7.788,7.852,-0.294,49.80,0.4980,3.832,0.000,49.80,49.80,0.00,0,0,-2.87083,49.80,49.80,0.00,0,0,49.80,0.00,0.00,0.00,0.00,1.000,1.000,0.00,0,255.00,1,50.51,49.68,0.83,7.706,7.668,4.236,4.640,-0.032,-0.003,0.148,49.80,49,0.4060
2078952,7.727,7.709,7.746,7.826,7.746,7.826,-0.290,49.60,0.4960,3.857,0.000,49.60,49.60,0.00,0,0,-2.88336,49.60,49.60,0.00,0,0,49.60,0.00,0.00,0.00,0.00,1.000,1.000,0.00,0,255.00,1,50.76,50.05,0.71,7.700,7.661,4.328,4.328,0.030,-0.001,0.121,49.60,50,-0.0613
2079076,7.744,7.746,7.726,7.799,7.726,7.799,-0.268,48.77,0.4877,3.853,0.000,48.77,48.77,0.00,0,0,-2.88905,48.77,48.77,0.00,0,0,48.77,0.00,0.00,0.00,0.00,1.000,1.000,0.00,0,255.00,1,49.27,48.96,0.31,7.740,7.711,4.204,3.874,0.004,0.001,0.018,48.77,49,-0.3179
2079206,7.674,7.694,7.705,7.766,7.705,7.766,-0.279,48.89,0.4889,3.851,0.000,48.89,48.89,0.00,0,0,-2.89632,48.89,48.89,0.00,0,0,48.89,0.00,0.00,0.00,0.00,1.000,1.000,0.00,0,255.00,1,48.97,48.54,0.43,7.688,7.658,4.154,4.212,-0.017,-0.000,0.032,48.89,49,-0.1755
2079331,7.577,7.602,7.685,7.741,7.685,7.741,-0.277,49.65,0.4965,3.873,0.000,49.65,49.65,0.00,0,0,-2.90679,49.65,49.65,0.00,0,0,49.65,0.00,0.00,0.00,0.00,1.000,1.000,0.00,0,255.00,1,50.50,49.65,0.84,7.594,7.554,4.287,4.766,-0.020,-0.003,0.161,49.65,50,-0.0163
2079467,7.663,7.636,7.644,7.717,7.644,7.717,-0.263,49.01,0.4901,3.892,0.000,49.01,49.01,0.00,0,0,-2.91702,49.01,49.01,0.00,0,0,49.01,0.00,0.00,0.00,0.00,1.000,1.000,0.00,0,255.00,1,50.03,49.54,0.49,7.629,7.594,4.324,4.121,0.038,-0.000,0.061,49.01,49,0.1235
2079592,7.631,7.644,7.623,7.691,7.623,7.691,-0.311,48.50,0.4850,3.884,0.000,48.50,48.50,0.00,0,0,-2.92102,48.50,48.50,0.00,0,0,48.50,0.00,0.00,0.00,0.00,1.000,1.000,0.00,0,255.00,1,48.36,48.09,0.27,7.637,7.606,4.200,3.987,-0.009,0.001,0.010,48.50,49,-0.3507
2079722,7.576,7.587,7.603,7.660,7.603,7.660,-0.259,48.73,0.4873,3.891,0.000,48.73,48.73,0.00,0,0,-2.92939,48.73,48.73,0.00,0,0,48.73,0.00,0.00,0.00,0.00,1.000,1.000,0.00,0,255.00,1,49.07,48.63,0.43,7.580,7.549,4.219,4.284,-0.006,-0.001,0.037,48.73,49,-0.4940
2079853,7.514,7.517,7.563,7.629,7.563,7.629,-0.234,49.19,0.4919,3.920,0.000,49.19,49.19,0.00,0,0,-2.94281,49.19,49.19,0.00,0,0,49.19,0.00,0.00,0.00,0.00,1.000,1.000,0.00,0,255.00,1,50.41,49.73,0.68,7.509,7.473,4.352,4.528,0.005,-0.002,0.122,49.19,49,0.1945
2079982,7.591,7.572,7.542,7.607,7.542,7.607,-0.223,48.27,0.4827,3.922,0.000,48.27,48.27,0.00,0,0,-2.94863,48.27,48.27,0.00,0,0,48.27,0.00,0.00,0.00,0.00,1.000,1.000,0.00,0,255.00,1,48.98,48.77,0.21,7.566,7.540,4.270,3.848,0.027,0.002,0.013,48.27,48,0.0611
2080109,7.513,7.525,7.522,7.584,7.522,7.584,-0.280,48.45,0.4845,3.921,0.000,48.45,48.45,0.00,0,0,-2.95333,48.45,48.45,0.00,0,0,48.45,0.00,0.00,0.00,0.00,1.000,1.000,0.00,0,255.00,1,48.43,48.09,0.34,7.519,7.489,4.223,4.195,-0.008,0.000,0.019,48.45,48,0.2764
2080240,7.451,7.476,7.502,7.558,7.502,7.558,-0.278,48.66,0.4866,3.929,0.000,48.66,48.66,0.00,0,0,-2.95948,48.66,48.66,0.00,0,0,48.66,0.00,0.00,0.00,0.00,1.000,1.000,0.00,0,255.00,1,48.81,48.32,0.49,7.469,7.435,4.255,4.467,-0.020,-0.001,0.047,48.66,49,-0.1746
2080367,7.466,7.463,7.462,7.533,7.462,7.533,-0.257,48.47,0.4847,3.941,0.000,48.47,48.47,0.00,0,0,-2.96680,48.47,48.47,0.00,0,0,48.47,0.00,0.00,0.00,0.00,1.000,1.000,0.00,0,255.00,1,48.98,48.56,0.42,7.456,7.422,4.305,4.317,0.011,-0.001,0.038,48.47,49,-0.3437
2080497,7.448,7.457,7.442,7.507,7.442,7.507,-0.299,48.15,0.4815,3.942,0.000,48.15,48.15,0.00,0,0,-2.97143,48.15,48.15,0.00,0,0,48.15,0.00,0.00,0.00,0.00,1.000,1.000,0.00,0,255.00,1,48.09,47.80,0.29,7.450,7.416,4.271,4.207,-0.003,0.000,0.014,48.15,48,0.2588
2080621,7.439,7.442,7.422,7.481,7.422,7.481,-0.290,47.92,0.4792,3.941,0.000,47.92,47.92,0.00,0,0,-2.97532,47.92,47.92,0.00,0,0,47.92,0.00,0.00,0.00,0.00,1.000,1.000,0.00,0,255.00,1,47.75,47.53,0.22,7.436,7.403,4.249,4.181,0.004,0.000,0.008,47.92,48,0.2860
2080754,7.370,7.374,7.402,7.449,7.402,7.449,-0.239,48.26,0.4826,3.957,0.000,48.26,48.26,0.00,0,0,-2.98386,48.26,48.26,0.00,0,0,48.26,0.00,0.00,0.00,0.00,1.000,1.000,0.00,0,255.00,1,48.94,48.48,0.46,7.367,7.331,4.334,4.480,0.002,-0.001,0.051,48.26,48,0.2289
2080883,7.353,7.368,7.363,7.427,7.363,7.427,-0.223,48.02,0.4802,3.962,0.000,48.02,48.02,0.00,0,0,-2.98895,48.02,48.02,0.00,0,0,48.02,0.00,0.00,0.00,0.00,1.000,1.000,0.00,0,255.00,1,48.72,48.36,0.36,7.361,7.329,4.326,4.336,-0.009,-0.001,0.033,48.02,48,0.2615
2081011,7.374,7.366,7.343,7.404,7.343,7.404,-0.276,47.71,0.4771,3.966,0.000,47.71,47.71,0.00,0,0,-2.99358,47.71,47.71,0.00,0,0,47.71,0.00,0.00,0.00,0.00,1.000,1.000,0.00,0,255.00,1,47.83,47.61,0.22,7.359,7.326,4.309,4.158,0.015,0.000,0.008,47.71,48,-0.0559
2081139,7.315,7.331,7.323,7.376,7.323,7.376,-0.238,47.69,0.4769,3.966,0.000,47.69,47.69,0.00,0,0,-2.99800,47.69,47.69,0.00,0,0,47.69,0.00,0.00,0.00,0.00,1.000,1.000,0.00,0,255.00,1,47.89,47.62,0.27,7.324,7.294,4.274,4.306,-0.012,-0.000,0.014,47.69,47,0.4704
2081271,7.281,7.295,7.284,7.352,7.284,7.352,-0.242,47.74,0.4774,3.972,0.000,47.74,47.74,0.00,0,0,-3.00240,47.74,47.74,0.00,0,0,47.74,0.00,0.00,0.00,0.00,1.000,1.000,0.00,0,255.00,1,48.03,47.69,0.34,7.288,7.256,4.301,4.433,-0.009,-0.001,0.024,47.74,47,0.4874
2081397,7.282,7.280,7.265,7.327,7.265,7.327,-0.286,47.57,0.4757,3.981,0.000,47.57,47.57,0.00,0,0,-3.00769,47.57,47.57,0.00,0,0,47.57,0.00,0.00,0.00,0.00,1.000,1.000,0.00,0,255.00,1,47.66,47.38,0.28,7.272,7.236,4.337,4.324,0.010,-0.000,0.015,47.57,48,-0.3625
2081529,7.250,7.263,7.245,7.302,7.245,7.302,-0.281,47.36,0.4736,3.981,0.000,47.36,47.36,0.00,0,0,-3.01064,47.36,47.36,0.00,0,0,47.36,0.00,0.00,0.00,0.00,1.000,1.000,0.00,0,255.00,1,47.30,47.08,0.23,7.256,7.221,4.309,4.318,-0.008,-0.000,0.009,47.36,48,-0.3757
2081658,7.238,7.246,7.206,7.278,7.206,7.278,-0.259,47.19,0.4719,3.982,0.000,47.19,47.19,0.00,0,0,-3.01365,47.19,47.19,0.00,0,0,47.19,0.00,0.00,0.00,0.00,1.000,1.000,0.00,0,255.00,1,47.23,47.05,0.19,7.240,7.207,4.303,4.291,-0.002,0.000,0.006,47.19,47,0.3389
2081789,7.202,7.209,7.187,7.252,7.187,7.252,-0.301,47.22,0.4722,3.989,0.000,47.22,47.22,0.00,0,0,-3.01765,47.22,47.22,0.00,0,0,47.22,0.00,0.00,0.00,0.00,1.000,1.000,0.00,0,255.00,1,47.10,46.85,0.26,7.201,7.163,4.337,4.412,-0.000,-0.001,0.012,47.22,47,0.1182
2081916,7.171,7.180,7.167,7.228,7.167,7.228,-0.280,47.18,0.4718,3.995,0.000,47.18,47.18,0.00,0,0,-3.02155,47.18,47.18,0.00,0,0,47.18,0.00,0.00,0.00,0.00,1.000,1.000,0.00,0,255.00,1,47.33,47.04,0.29,7.172,7.135,4.361,4.456,-0.002,-0.001,0.016,47.18,48,-0.4144
2082051,7.174,7.181,7.129,7.203,7.129,7.203,-0.273,46.79,0.4679,3.995,0.000,46.79,46.79,0.00,0,0,-3.02409,46.79,46.79,0.00,0,0,46.79,0.00,0.00,0.00,0.00,1.000,1.000,0.00,0,255.00,1,46.81,46.68,0.13,7.174,7.139,4.337,4.252,0.001,0.000,0.002,46.79,47,0.2624
2082175,7.139,7.146,7.110,7.178,7.110,7.178,-0.250,46.79,0.4679,3.998,0.000,46.79,46.79,0.00,0,0,-3.02695,46.79,46.79,0.00,0,0,46.79,0.00,0.00,0.00,0.00,1.000,1.000,0.00,0,255.00,1,47.01,46.82,0.19,7.139,7.106,4.345,4.369,-0.001,-0.000,0.007,46.79,47,-0.2804
2082306,7.076,7.092,7.090,7.154,7.090,7.154,-0.291,47.04,0.4704,4.009,0.000,47.04,47.04,0.00,0,0,-3.03176,47.04,47.04,0.00,0,0,47.04,0.00,0.00,0.00,0.00,1.000,1.000,0.00,0,255.00,1,47.28,46.91,0.37,7.083,7.042,4.407,4.614,-0.009,-0.002,0.030,47.04,47,-0.3731
2082431,7.096,7.107,7.071,7.128,7.071,7.128,-0.281,46.48,0.4648,4.009,0.000,46.48,46.48,0.00,0,0,-3.03408,46.48,46.48,0.00,0,0,46.48,0.00,0.00,0.00,0.00,1.000,1.000,0.00,0,255.00,1,46.53,46.40,0.12,7.099,7.063,4.371,4.270,-0.004,0.000,0.002,46.48,46,0.3451
2082567,7.093,7.095,7.033,7.104,7.033,7.104,-0.259,46.23,0.4623,4.005,0.000,46.23,46.23,0.00,0,0,-3.03525,46.23,46.23,0.00,0,0,46.23,0.00,0.00,0.00,0.00,1.000,1.000,0.00,0,255.00,1,46.20,46.15,0.05,7.088,7.056,4.331,4.222,0.005,0.001,0.000,46.23,46,0.2848
2082691,7.034,7.035,7.014,7.079,7.014,7.079,-0.298,46.51,0.4651,4.014,0.000,46.51,46.51,0.00,0,0,-3.03909,46.51,46.51,0.00,0,0,46.51,0.00,0.00,0.00,0.00,1.000,1.000,0.00,0,255.00,1,46.52,46.26,0.26,7.027,6.987,4.391,4.524,0.007,-0.001,0.013,46.51,47,-0.1249
2082824,7.026,7.023,6.996,7.055,6.996,7.055,-0.271,46.29,0.4629,4.021,0.000,46.29,46.29,0.00,0,0,-3.04243,46.29,46.29,0.00,0,0,46.29,0.00,0.00,0.00,0.00,1.000,1.000,0.00,0,255.00,1,46.54,46.35,0.19,7.015,6.978,4.407,4.389,0.011,-0.000,0.008,46.29,46,0.0178
2082953,6.990,7.003,6.958,7.031,6.958,7.031,-0.269,46.13,0.4613,4.021,0.000,46.13,46.13,0.00,0,0,-3.04445,46.13,46.13,0.00,0,0,46.13,0.00,0.00,0.00,0.00,1.000,1.000,0.00,0,255.00,1,46.26,46.10,0.16,6.996,6.960,4.386,4.387,-0.007,-0.000,0.005,46.13,46,0.3797
2083085,6.992,6.993,6.939,7.006,6.939,7.006,-0.244,45.87,0.4587,4.021,0.000,45.87,45.87,0.00,0,0,-3.04618,45.87,45.87,0.00,0,0,45.87,0.00,0.00,0.00,0.00,1.000,1.000,0.00,0,255.00,1,46.05,45.98,0.08,6.986,6.954,4.369,4.284,0.006,0.000,0.001,45.87,46,0.2929
2083210,6.956,6.952,6.920,6.982,6.920,6.982,-0.284,45.95,0.4595,4.028,0.000,45.95,45.95,0.00,0,0,-3.04921,45.95,45.95,0.00,0,0,45.95,0.00,0.00,0.00,0.00,1.000,1.000,0.00,0,255.00,1,46.01,45.83,0.18,6.944,6.906,4.401,4.430,0.011,-0.000,0.006,45.95,46,0.3751
2083341,6.932,6.933,6.901,6.957,6.901,6.957,-0.276,45.78,0.4578,4.031,0.000,45.78,45.78,0.00,0,0,-3.05153,45.78,45.78,0.00,0,0,45.78,0.00,0.00,0.00,0.00,1.000,1.000,0.00,0,255.00,1,45.87,45.73,0.14,6.926,6.888,4.402,4.387,0.007,-0.000,0.003,45.78,46,-0.1070
2083470,6.893,6.905,6.864,6.934,6.864,6.934,-0.251,45.73,0.4573,4.033,0.000,45.73,45.73,0.00,0,0,-3.05351,45.73,45.73,0.00,0,0,45.73,0.00,0.00,0.00,0.00,1.000,1.000,0.00,0,255.00,1,45.97,45.80,0.17,6.898,6.862,4.399,4.451,-0.006,-0.000,0.007,45.73,46,-0.0231
2083601,6.863,6.882,6.845,6.909,6.845,6.909,-0.293,45.60,0.4560,4.035,0.000,45.60,45.60,0.00,0,0,-3.05544,45.60,45.60,0.00,0,0,45.60,0.00,0.00,0.00,0.00,1.000,1.000,0.00,0,255.00,1,45.52,45.36,0.16,6.874,6.835,4.398,4.458,-0.014,-0.000,0.004,45.60,46,-0.2849
2083729,6.872,6.874,6.827,6.885,6.827,6.885,-0.268,45.33,0.4533,4.037,0.000,45.33,45.33,0.00,0,0,-3.05726,45.33,45.33,0.00,0,0,45.33,0.00,0.00,0.00,0.00,1.000,1.000,0.00,0,255.00,1,45.35,45.29,0.06,6.867,6.831,4.393,4.309,0.004,0.000,0.000,45.33,45,0.1040
2083865,6.836,6.844,6.790,6.861,6.790,6.861,-0.263,45.29,0.4529,4.039,0.000,45.29,45.29,0.00,0,0,-3.05890,45.29,45.29,0.00,0,0,45.29,0.00,0.00,0.00,0.00,1.000,1.000,0.00,0,255.00,1,45.34,45.24,0.10,6.836,6.800,4.393,4.394,-0.001,-0.000,0.002,45.29,45,0.1013
2083992,6.808,6.806,6.772,6.837,6.772,6.837,-0.240,45.35,0.4535,4.047,0.000,45.35,45.35,0.00,0,0,-3.06201,45.35,45.35,0.00,0,0,45.35,0.00,0.00,0.00,0.00,1.000,1.000,0.00,0,255.00,1,45.77,45.58,0.19,6.799,6.762,4.435,4.487,0.010,-0.001,0.010,45.35,45,0.3212
2084122,6.790,6.793,6.753,6.812,6.753,6.812,-0.288,45.10,0.4510,4.050,0.000,45.10,45.10,0.00,0,0,-3.06400,45.10,45.10,0.00,0,0,45.10,0.00,0.00,0.00,0.00,1.000,1.000,0.00,0,255.00,1,45.11,45.00,0.11,6.785,6.746,4.428,4.392,0.006,-0.000,0.002,45.10,45,-0.1517
2084249,6.760,6.776,6.735,6.788,6.735,6.788,-0.261,44.90,0.4490,4.046,0.000,44.90,44.90,0.00,0,0,-3.06444,44.90,44.90,0.00,0,0,44.90,0.00,0.00,0.00,0.00,1.000,1.000,0.00,0,255.00,1,44.90,44.83,0.07,6.768,6.733,4.391,4.384,-0.009,0.000,0.001,44.90,44,0.4588
2084382,6.709,6.738,6.698,6.764,6.698,6.764,-0.238,44.94,0.4494,4.047,0.000,44.94,44.94,0.00,0,0,-3.06551,44.94,44.94,0.00,0,0,44.94,0.00,0.00,0.00,0.00,1.000,1.000,0.00,0,255.00,1,45.14,44.98,0.16,6.730,6.695,4.397,4.543,-0.024,-0.001,0.006,44.94,45,-0.0762
2084507,6.688,6.706,6.680,6.734,6.680,6.734,-0.249,44.84,0.4484,4.054,0.000,44.84,44.84,0.00,0,0,-3.06844,44.84,44.84,0.00,0,0,44.84,0.00,0.00,0.00,0.00,1.000,1.000,0.00,0,255.00,1,45.10,44.93,0.17,6.699,6.662,4.430,4.510,-0.013,-0.001,0.007,44.84,45,0.3122
2084639,6.696,6.698,6.662,6.712,6.662,6.712,-0.247,44.61,0.4461,4.058,0.000,44.61,44.61,0.00,0,0,-3.07042,44.61,44.61,0.00,0,0,44.61,0.00,0.00,0.00,0.00,1.000,1.000,0.00,0,255.00,1,44.84,44.75,0.09,6.690,6.655,4.429,4.364,0.006,0.000,0.002,44.61,44,0.4720
2084764,6.700,6.692,6.626,6.689,6.626,6.689,-0.229,44.32,0.4432,4.058,0.000,44.32,44.32,0.00,0,0,-3.07136,44.32,44.32,0.00,0,0,44.32,0.00,0.00,0.00,0.00,1.000,1.000,0.00,0,255.00,1,44.51,44.52,-0.02,6.685,6.654,4.402,4.230,0.016,0.001,0.001,44.32,44,-0.0452
2084896,6.660,6.660,6.608,6.666,6.608,6.666,-0.267,44.31,0.4431,4.058,0.000,44.31,44.31,0.00,0,0,-3.07227,44.31,44.31,0.00,0,0,44.31,0.00,0.00,0.00,0.00,1.000,1.000,0.00,0,255.00,1,44.19,44.16,0.04,6.652,6.618,4.395,4.351,0.008,0.000,0.000,44.31,44,0.1027
2085021,6.626,6.628,6.590,6.636,6.590,6.636,-0.232,44.18,0.4418,4.060,0.000,44.18,44.18,0.00,0,0,-3.07366,44.18,44.18,0.00,0,0,44.18,0.00,0.00,0.00,0.00,1.000,1.000,0.00,0,255.00,1,44.31,44.27,0.05,6.621,6.588,4.399,4.371,0.005,0.000,0.001,44.18,44,0.1842
2085154,6.594,6.596,6.572,6.616,6.572,6.616,-0.218,44.23,0.4423,4.065,0.000,44.23,44.23,0.00,0,0,-3.07549,44.23,44.23,0.00,0,0,44.23,0.00,0.00,0.00,0.00,1.000,1.000,0.00,0,255.00,1,44.58,44.45,0.13,6.589,6.555,4.421,4.460,0.006,-0.000,0.005,44.23,44,-0.0452
2085284,6.581,6.581,6.537,6.590,6.537,6.590,-0.180,44.01,0.4401,4.068,0.000,44.01,44.01,0.00,0,0,-3.07713,44.01,44.01,0.00,0,0,44.01,0.00,0.00,0.00,0.00,1.000,1.000,0.00,0,255.00,1,44.51,44.45,0.06,6.575,6.546,4.408,4.340,0.007,0.000,0.004,44.01,44,0.3105
2085419,6.549,6.555,6.519,6.571,6.519,6.571,-0.234,43.99,0.4399,4.069,0.000,43.99,43.99,0.00,0,0,-3.07810,43.99,43.99,0.00,0,0,43.99,0.00,0.00,0.00,0.00,1.000,1.000,0.00,0,255.00,1,44.07,43.97,0.10,6.548,6.516,4.397,4.414,0.000,-0.000,0.002,43.99,44,0.1946
2085552,6.529,6.532,6.483,6.551,6.483,6.551,-0.229,43.94,0.4394,4.073,0.000,43.94,43.94,0.00,0,0,-3.07964,43.94,43.94,0.00,0,0,43.94,0.00,0.00,0.00,0.00,1.000,1.000,0.00,0,255.00,1,44.09,43.97,0.12,6.525,6.493,4.404,4.433,0.003,-0.000,0.003,43.94,44,0.0261
2085685,6.507,6.511,6.466,6.527,6.466,6.527,-0.282,43.81,0.4381,4.075,0.000,43.81,43.81,0.00,0,0,-3.08102,43.81,43.81,0.00,0,0,43.81,0.00,0.00,0.00,0.00,1.000,1.000,0.00,0,255.00,1,43.59,43.49,0.10,6.503,6.466,4.408,4.434,0.003,-0.000,0.002,43.81,44,-0.4881
2085811,6.484,6.487,6.448,6.496,6.448,6.496,-0.154,43.59,0.4359,4.076,0.000,43.59,43.59,0.00,0,0,-3.08213,43.59,43.59,0.00,0,0,43.59,0.00,0.00,0.00,0.00,1.000,1.000,0.00,0,255.00,1,44.12,44.06,0.06,6.482,6.455,4.389,4.363,0.002,0.000,0.005,43.59,44,-0.4046
2085940,6.468,6.474,6.431,6.471,6.431,6.471,-0.200,43.32,0.4332,4.071,0.000,43.32,43.32,0.00,0,0,-3.08155,43.32,43.32,0.00,0,0,43.32,0.00,0.00,0.00,0.00,1.000,1.000,0.00,0,255.00,1,43.30,43.33,-0.02,6.469,6.441,4.345,4.299,-0.001,0.000,0.000,43.32,43,0.0220
2086067,6.399,6.419,6.396,6.446,6.396,6.446,-0.170,43.52,0.4352,4.073,0.000,43.52,43.52,0.00,0,0,-3.08228,43.52,43.52,0.00,0,0,43.52,0.00,0.00,0.00,0.00,1.000,1.000,0.00,0,255.00,1,43.89,43.72,0.17,6.413,6.384,4.374,4.587,-0.016,-0.001,0.009,43.52,43,0.3650
2086198,6.385,6.396,6.378,6.428,6.378,6.428,-0.224,43.51,0.4351,4.081,0.000,43.51,43.51,0.00,0,0,-3.08462,43.51,43.51,0.00,0,0,43.51,0.00,0.00,0.00,0.00,1.000,1.000,0.00,0,255.00,1,43.72,43.52,0.20,6.389,6.354,4.419,4.563,-0.006,-0.001,0.009,43.51,44,-0.2353
2086323,6.390,6.394,6.361,6.401,6.361,6.401,-0.204,43.13,0.4313,4.083,0.000,43.13,43.13,0.00,0,0,-3.08562,43.13,43.13,0.00,0,0,43.13,0.00,0.00,0.00,0.00,1.000,1.000,0.00,0,255.00,1,43.30,43.25,0.04,6.388,6.359,4.392,4.345,0.002,0.000,0.001,43.13,44,-0.4668
2086460,6.377,6.383,6.326,6.384,6.326,6.384,-0.196,42.98,0.4298,4.080,0.000,42.98,42.98,0.00,0,0,-3.08542,42.98,42.98,0.00,0,0,42.98,0.00,0.00,0.00,0.00,1.000,1.000,0.00,0,255.00,1,43.03,43.03,0.00,6.378,6.351,4.360,4.316,-0.001,0.000,0.000,42.98,43,0.4703
2086584,6.337,6.347,6.309,6.365,6.309,6.365,-0.195,43.07,0.4307,4.083,0.000,43.07,43.07,0.00,0,0,-3.08639,43.07,43.07,0.00,0,0,43.07,0.00,0.00,0.00,0.00,1.000,1.000,0.00,0,255.00,1,43.24,43.13,0.11,6.341,6.312,4.380,4.479,-0.004,-0.000,0.003,43.07,44,-0.4605
2086717,6.328,6.331,6.292,6.340,6.292,6.340,-0.215,42.87,0.4287,4.087,0.000,42.87,42.87,0.00,0,0,-3.08773,42.87,42.87,0.00,0,0,42.87,0.00,0.00,0.00,0.00,1.000,1.000,0.00,0,255.00,1,42.91,42.86,0.05,6.325,6.294,4.388,4.376,0.002,-0.000,0.000,42.87,43,0.2829
2086842,6.317,6.319,6.275,6.320,6.275,6.320,-0.220,42.70,0.4270,4.085,0.000,42.70,42.70,0.00,0,0,-3.08774,42.70,42.70,0.00,0,0,42.70,0.00,0.00,0.00,0.00,1.000,1.000,0.00,0,255.00,1,42.60,42.60,0.00,6.313,6.283,4.369,4.338,0.004,0.000,0.000,42.70,42,0.4455
2086976,6.281,6.286,6.241,6.299,6.241,6.299,-0.208,42.72,0.4272,4.087,0.000,42.72,42.72,0.00,0,0,-3.08835,42.72,42.72,0.00,0,0,42.72,0.00,0.00,0.00,0.00,1.000,1.000,0.00,0,255.00,1,42.78,42.71,0.08,6.280,6.250,4.382,4.461,0.000,-0.000,0.001,42.72,43,-0.4896
2087101,6.260,6.261,6.224,6.278,6.224,6.278,-0.247,42.68,0.4268,4.092,0.000,42.68,42.68,0.00,0,0,-3.08983,42.68,42.68,0.00,0,0,42.68,0.00,0.00,0.00,0.00,1.000,1.000,0.00,0,255.00,1,42.62,42.52,0.10,6.254,6.219,4.413,4.479,0.005,-0.001,0.002,42.68,43,-0.3756
2087232,6.256,6.253,6.207,6.256,6.207,6.256,-0.242,42.45,0.4245,4.094,0.000,42.45,42.45,0.00,0,0,-3.09051,42.45,42.45,0.00,0,0,42.45,0.00,0.00,0.00,0.00,1.000,1.000,0.00,0,255.00,1,42.37,42.35,0.02,6.246,6.212,4.409,4.366,0.011,-0.000,0.000,42.45,42,0.1968
2087361,6.239,6.239,6.173,6.230,6.173,6.230,-0.201,42.18,0.4218,4.089,0.000,42.18,42.18,0.00,0,0,-3.08982,42.18,42.18,0.00,0,0,42.18,0.00,0.00,0.00,0.00,1.000,1.000,0.00,0,255.00,1,42.18,42.24,-0.06,6.234,6.205,4.372,4.288,0.006,0.000,0.001,42.18,42,0.2727
2087494,6.194,6.198,6.156,6.204,6.156,6.204,-0.218,42.23,0.4223,4.092,0.000,42.23,42.23,0.00,0,0,-3.09075,42.23,42.23,0.00,0,0,42.23,0.00,0.00,0.00,0.00,1.000,1.000,0.00,0,255.00,1,42.26,42.22,0.04,6.191,6.158,4.399,4.420,0.002,-0.000,0.000,42.23,42,0.4130
2087622,6.187,6.182,6.139,6.186,6.139,6.186,-0.213,42.14,0.4214,4.096,0.000,42.14,42.14,0.00,0,0,-3.09190,42.14,42.14,0.00,0,0,42.14,0.00,0.00,0.00,0.00,1.000,1.000,0.00,0,255.00,1,42.26,42.23,0.03,6.175,6.143,4.414,4.366,0.012,-0.000,0.000,42.14,42,0.1600
2087755,6.179,6.174,6.106,6.167,6.106,6.167,-0.215,41.93,0.4193,4.097,0.000,41.93,41.93,0.00,0,0,-3.09225,41.93,41.93,0.00,0,0,41.93,0.00,0.00,0.00,0.00,1.000,1.000,0.00,0,255.00,1,41.93,41.98,-0.05,6.168,6.137,4.397,4.268,0.012,0.000,0.001,41.93,42,0.3986
2087882,6.149,6.155,6.089,6.146,6.089,6.146,-0.204,41.81,0.4181,4.093,0.000,41.81,41.81,0.00,0,0,-3.09148,41.81,41.81,0.00,0,0,41.81,0.00,0.00,0.00,0.00,1.000,1.000,0.00,0,255.00,1,41.74,41.80,-0.06,6.149,6.121,4.368,4.307,-0.001,0.000,0.001,41.81,42,-0.0526
2088013,6.073,6.098,6.072,6.121,6.072,6.121,-0.221,42.01,0.4201,4.097,0.000,42.01,42.01,0.00,0,0,-3.09237,42.01,42.01,0.00,0,0,42.01,0.00,0.00,0.00,0.00,1.000,1.000,0.00,0,255.00,1,42.06,41.92,0.14,6.091,6.058,4.405,4.589,-0.021,-0.001,0.004,42.01,42,-0.4414
2088138,6.079,6.085,6.056,6.101,6.056,6.101,-0.220,41.88,0.4188,4.103,0.000,41.88,41.88,0.00,0,0,-3.09392,41.88,41.88,0.00,0,0,41.88,0.00,0.00,0.00,0.00,1.000,1.000,0.00,0,255.00,1,42.03,41.93,0.10,6.078,6.044,4.434,4.484,0.001,-0.001,0.003,41.88,42,0.3085
2088272,6.083,6.087,6.023,6.082,6.023,6.082,-0.211,41.57,0.4157,4.100,0.000,41.57,41.57,0.00,0,0,-3.09358,41.57,41.57,0.00,0,0,41.57,0.00,0.00,0.00,0.00,1.000,1.000,0.00,0,255.00,1,41.59,41.62,-0.03,6.081,6.050,4.398,4.310,0.002,0.000,0.000,41.57,41,0.1656
2088398,6.053,6.061,6.006,6.061,6.006,6.061,-0.249,41.51,0.4151,4.098,0.000,41.51,41.51,0.00,0,0,-3.09308,41.51,41.51,0.00,0,0,41.51,0.00,0.00,0.00,0.00,1.000,1.000,0.00,0,255.00,1,41.21,41.22,-0.01,6.055,6.022,4.383,4.400,-0.002,0.000,0.001,41.51,42,-0.3358
2088531,6.028,6.028,5.990,6.028,5.990,6.028,-0.193,41.37,0.4137,4.100,0.000,41.37,41.37,0.00,0,0,-3.09357,41.37,41.37,0.00,0,0,41.37,0.00,0.00,0.00,0.00,1.000,1.000,0.00,0,255.00,1,41.53,41.52,0.00,6.022,5.992,4.403,4.385,0.006,-0.000,0.000,41.37,41,-0.0113
2088660,6.011,6.010,5.957,6.012,5.957,6.012,-0.185,41.33,0.4133,4.104,0.000,41.33,41.33,0.00,0,0,-3.09432,41.33,41.33,0.00,0,0,41.33,0.00,0.00,0.00,0.00,1.000,1.000,0.00,0,255.00,1,41.56,41.55,0.01,6.004,5.975,4.412,4.366,0.007,0.000,0.001,41.33,41,0.2431
2088789,5.991,5.993,5.941,5.993,5.941,5.993,-0.184,41.23,0.4123,4.105,0.000,41.23,41.23,0.00,0,0,-3.09482,41.23,41.23,0.00,0,0,41.23,0.00,0.00,0.00,0.00,1.000,1.000,0.00,0,255.00,1,41.45,41.44,0.00,5.988,5.959,4.408,4.347,0.004,0.000,0.001,41.23,41,0.1882
2088914,5.946,5.966,5.925,5.974,5.925,5.974,-0.225,41.24,0.4124,4.107,0.000,41.24,41.24,0.00,0,0,-3.09521,41.24,41.24,0.00,0,0,41.24,0.00,0.00,0.00,0.00,1.000,1.000,0.00,0,255.00,1,41.18,41.13,0.05,5.959,5.927,4.404,4.446,-0.015,-0.000,0.000,41.24,41,-0.1420
2089041,5.929,5.933,5.909,5.943,5.909,5.943,-0.174,41.13,0.4113,4.112,0.000,41.13,41.13,0.00,0,0,-3.09659,41.13,41.13,0.00,0,0,41.13,0.00,0.00,0.00,0.00,1.000,1.000,0.00,0,255.00,1,41.46,41.39,0.07,5.927,5.898,4.421,4.432,0.002,-0.000,0.003,41.13,41,-0.3163
2089169,5.923,5.928,5.877,5.928,5.877,5.928,-0.171,40.96,0.4096,4.110,0.000,40.96,40.96,0.00,0,0,-3.09643,40.96,40.96,0.00,0,0,40.96,0.00,0.00,0.00,0.00,1.000,1.000,0.00,0,255.00,1,41.16,41.16,0.00,5.922,5.895,4.392,4.343,0.001,0.000,0.000,40.96,41,-0.4254
2089296,5.904,5.907,5.861,5.910,5.861,5.910,-0.220,40.90,0.4090,4.110,0.000,40.90,40.90,0.00,0,0,-3.09648,40.90,40.90,0.00,0,0,40.90,0.00,0.00,0.00,0.00,1.000,1.000,0.00,0,255.00,1,40.76,40.75,0.01,5.900,5.870,4.385,4.390,0.003,-0.000,0.000,40.90,41,0.2999
2089424,5.891,5.885,5.845,5.887,5.845,5.887,-0.190,40.81,0.4081,4.113,0.000,40.81,40.81,0.00,0,0,-3.09729,40.81,40.81,0.00,0,0,40.81,0.00,0.00,0.00,0.00,1.000,1.000,0.00,0,255.00,1,40.89,40.88,0.01,5.879,5.851,4.396,4.357,0.012,-0.000,0.000,40.81,41,-0.1615
2089553,5.871,5.874,5.829,5.869,5.829,5.869,-0.199,40.66,0.4066,4.113,0.000,40.66,40.66,0.00,0,0,-3.09731,40.66,40.66,0.00,0,0,40.66,0.00,0.00,0.00,0.00,1.000,1.000,0.00,0,255.00,1,40.61,40.64,-0.03,5.869,5.840,4.380,4.311,0.002,0.000,0.000,40.66,41,0.0505
