ms,raw_p,flt_p,sp_raw,sp_flt,sp_recipe,sp_ctrl,sp_flt_d,ctrl_out,pump_duty,pump_flow,coffee_flow,u_raw,u_applied,u_delta,limiter_active_up,limiter_active_down,error_integral,u_unclamped_raw,u_clamped_raw,u_clamp_delta,clamp_active_high,clamp_active_low,u_fb,u_ff_hold,u_ff_dyn,u_ff_dyn_raw,ff_pressure_w,ff_above_w,ff_gamma,u_ff_total,ramp_hold_active,drop_rate_active,mpc_shadow_enabled,mpc_u_shadow,mpc_u_ss,mpc_u_trim,mpc_p1_pred,mpc_pn_pred,mpc_qout_est,mpc_qout_raw,mpc_residual,mpc_residual_bias,mpc_cost,power_cmd,power_psm_quantized,power_quant_residual,tach_period_us,tach_rpm_inst,tach_rpm_ema,tach_pulse_count,tach_glitch_rejects,tach_timeout
154575,0.126,0.127,9.000,0.427,9.000,0.427,12.774,5.70,0.1942,0.083,0.000,19.42,5.70,13.72,1,0,0.00000,19.42,19.42,0.00,0,0,19.42,0.00,0.00,0.00,0.00,1.000,1.000,0.00,1,60.00,1,51.20,48.13,3.06,0.311,1.197,0.106,0.974,0.000,0.000,36.394,5.70,6,-0.3000,0,0.00,0.00,0,0,1
154713,0.133,0.132,9.000,3.004,9.000,3.004,29.346,22.80,0.4502,0.765,0.000,45.02,22.80,22.22,1,0,0.00000,45.02,45.02,0.00,0,0,42.18,0.00,2.85,8.50,0.80,1.000,1.127,2.85,1,60.00,1,62.54,57.54,5.00,0.315,1.190,0.942,3.852,-0.186,-0.024,298.713,22.80,23,-0.0000,11466,2616.43,2616.43,5,5,0
154850,0.135,0.133,9.000,5.086,9.000,5.086,20.058,39.90,0.6530,1.974,0.000,65.30,39.90,25.40,1,0,0.00000,65.30,65.30,0.00,0,0,59.86,0.00,5.43,8.50,1.00,1.000,1.160,5.43,1,60.00,1,71.94,66.94,5.00,0.301,1.090,2.384,6.753,-0.171,-0.044,384.283,39.90,40,-0.4000,12085,2482.42,2683.98,12,16,0
154984,0.138,0.138,9.000,6.453,9.000,6.453,13.080,57.00,0.7830,3.583,0.000,78.30,57.00,21.30,1,0,0.00000,78.30,78.30,0.00,0,0,71.46,0.00,6.84,8.50,1.00,1.000,1.160,6.84,1,60.00,1,81.35,76.35,5.00,0.285,0.972,4.247,9.640,-0.154,-0.059,441.493,57.00,57,-0.5000,8160,3676.47,2733.06,22,24,0
155119,0.154,0.149,9.000,7.343,9.000,7.343,8.511,74.10,0.8658,5.498,0.000,86.58,74.10,12.48,1,0,0.00000,86.58,86.58,0.00,0,0,78.99,0.00,7.60,8.50,0.98,1.000,1.157,7.60,0,255.00,1,90.75,85.75,5.00,0.273,0.853,6.405,12.481,-0.127,-0.069,485.263,74.10,74,-0.3000,12335,2432.10,2745.38,34,34,0
155248,0.172,0.166,9.000,7.922,9.000,7.922,5.537,91.20,0.9187,7.643,0.000,91.87,91.20,0.67,1,0,0.00000,91.87,91.87,0.00,0,0,83.86,0.00,8.01,8.50,0.65,1.000,1.103,8.01,0,255.00,1,100.00,95.16,5.00,0.267,0.738,8.757,15.295,-0.103,-0.074,518.571,91.20,91,0.2000,7781,3855.55,2987.86,46,45,0
155385,0.186,0.180,9.000,8.299,9.000,8.299,3.602,99.13,0.9913,9.748,0.000,99.13,99.13,0.00,0,0,-0.47744,99.13,99.13,0.00,0,0,90.90,0.00,8.23,8.48,0.34,1.000,1.054,8.23,0,255.00,1,100.00,99.52,5.00,0.233,0.477,10.986,16.597,-0.060,-0.075,558.869,99.13,100,-0.4116,7652,3920.54,3332.28,60,58,0
155514,3.368,1.949,9.000,8.544,9.000,8.544,2.343,96.34,0.9634,11.174,0.000,96.34,96.34,0.00,0,0,-0.67528,96.34,96.34,0.00,0,0,90.08,0.00,6.26,2.66,0.16,1.000,1.026,6.26,0,255.00,1,100.00,97.98,5.00,2.044,2.483,10.767,1.357,1.521,0.008,339.439,96.34,96,0.2598,7406,4050.77,3708.48,75,72,0
155649,8.864,7.770,9.000,8.703,9.000,8.703,1.524,73.39,0.4065,10.396,0.000,40.65,73.39,-32.73,0,1,-0.90217,40.65,40.65,0.00,0,0,36.71,0.00,3.94,0.80,0.07,1.000,1.012,3.94,0,255.00,1,90.36,85.36,5.00,7.838,8.156,7.612,0.000,1.118,0.080,9.289,73.39,73,0.3667,8104,3701.88,3771.17,91,82,0
155785,7.399,7.847,9.000,8.807,9.000,8.807,0.992,50.44,0.4104,8.939,0.000,41.04,50.44,-9.39,0,1,-0.95895,41.04,41.04,0.00,0,0,38.74,0.00,2.30,0.23,0.03,1.000,1.005,2.30,0,255.00,1,77.74,72.74,5.00,7.909,8.202,5.382,0.000,-0.562,0.049,14.559,50.44,51,-0.3764,9281,3232.41,3521.24,103,97,0
155921,4.538,5.273,9.000,8.874,9.000,8.874,0.645,66.88,0.8148,8.258,0.000,81.48,66.88,14.60,1,0,-1.00734,81.48,81.48,0.00,0,0,80.19,0.00,1.29,0.07,0.01,1.000,1.002,1.29,0,255.00,1,81.26,76.26,5.00,5.284,5.336,4.791,8.580,-0.837,-0.075,108.312,66.88,67,0.1536,11833,2535.28,3195.02,115,112,0
156050,5.010,4.779,9.000,8.918,9.000,8.918,0.420,83.98,0.8541,8.451,0.000,85.41,83.98,1.43,1,0,-1.00734,85.41,85.41,0.00,0,0,84.69,0.00,0.71,0.02,0.01,1.000,1.000,0.71,0,255.00,1,96.19,91.19,5.00,4.791,4.845,7.378,12.594,0.245,-0.065,139.242,83.98,84,-0.0164,10532,2848.46,3166.47,126,125,0
156187,7.273,6.635,9.000,8.947,9.000,8.947,0.273,70.30,0.7026,8.281,0.000,70.26,70.30,-0.05,0,1,-1.27975,70.26,70.26,0.00,0,0,69.86,0.00,0.39,0.01,0.00,1.000,1.000,0.39,0,255.00,1,88.67,83.67,5.00,6.697,6.990,6.163,0.000,0.661,0.020,39.345,70.30,70,0.1267,9204,3259.45,3166.54,138,142,0
156318,7.663,7.701,9.000,8.965,9.000,8.965,0.178,53.94,0.5394,7.401,0.000,53.94,53.94,0.00,0,0,-1.40147,53.94,53.94,0.00,0,0,53.73,0.00,0.21,0.00,0.00,1.000,1.000,0.21,0,255.00,1,67.15,62.15,5.00,7.774,8.121,4.357,0.000,-0.118,0.053,10.123,53.94,54,-0.2800,9930,3021.15,3184.01,151,155,0
156453,6.444,6.742,9.000,8.977,9.000,8.977,0.116,69.84,0.7149,6.972,0.000,71.49,69.84,1.65,1,0,-1.44512,71.49,71.49,0.00,0,0,71.38,0.00,0.12,0.00,0.00,1.000,1.000,0.12,0,255.00,1,71.56,66.56,5.00,6.794,7.043,3.821,5.387,-0.388,-0.004,33.405,69.84,70,0.1508,12641,2373.23,2906.39,162,169,0
156583,7.287,7.034,9.000,8.985,9.000,8.985,0.075,70.12,0.7012,6.852,0.000,70.12,70.12,0.00,0,0,-1.63980,70.12,70.12,0.00,0,0,70.06,0.00,0.06,0.00,0.00,1.000,1.000,0.06,0,255.00,1,73.95,68.95,5.00,7.085,7.326,4.187,3.329,0.230,0.003,24.947,70.12,70,0.1791,11452,2619.63,3104.54,172,181,0
156718,8.550,8.301,9.000,8.990,9.000,8.990,0.049,47.17,0.4664,6.209,0.000,46.64,47.17,-0.53,0,1,-1.73298,46.64,46.64,0.00,0,0,46.61,0.00,0.03,0.00,0.00,1.000,1.000,0.03,0,255.00,1,51.19,47.40,3.79,8.366,8.676,2.960,0.000,0.208,0.049,1.813,47.17,48,-0.3598,10836,2768.55,2945.25,184,194,0
156848,7.111,7.523,9.000,8.994,9.000,8.994,0.032,56.88,0.6368,5.674,0.000,63.68,56.88,6.80,1,0,-1.75182,63.68,63.68,0.00,0,0,63.66,0.00,0.02,0.00,0.00,1.000,1.000,0.02,0,255.00,1,54.89,49.89,5.00,7.564,7.758,2.581,4.472,-0.508,0.001,13.852,56.88,57,0.1685,10994,2728.76,2802.92,194,206,0
156985,6.609,6.669,9.000,8.996,9.000,8.996,0.021,73.98,0.7722,5.794,0.000,77.22,73.98,3.24,1,0,-1.75182,77.22,77.22,0.00,0,0,77.21,0.00,0.01,0.00,0.00,1.000,1.000,0.01,0,255.00,1,81.17,76.17,5.00,6.683,6.748,4.973,11.425,-0.081,-0.039,42.016,73.98,74,-0.0032,15601,1922.95,2589.44,204,214,0
157114,8.174,7.753,9.000,8.997,9.000,8.997,0.013,62.06,0.6189,5.801,0.000,61.89,62.06,-0.17,0,1,-1.90726,61.89,61.89,0.00,0,0,61.89,0.00,0.01,0.00,0.00,1.000,1.000,0.01,0,255.00,1,74.19,69.19,5.00,7.784,7.928,4.923,0.518,0.441,0.011,11.905,62.06,62,-0.3372,10505,2855.78,2546.92,214,232,0
157245,8.605,8.578,9.000,8.998,9.000,8.998,0.009,45.35,0.4535,5.228,0.000,45.35,45.35,0.00,0,0,-1.95360,45.35,45.35,0.00,0,0,45.35,0.00,0.00,0.00,0.00,1.000,1.000,0.00,0,255.00,1,52.02,49.73,2.29,8.620,8.818,3.480,0.000,-0.011,0.040,1.095,45.35,45,0.1954,12079,2483.65,2638.50,225,241,0
157376,6.725,7.174,9.000,8.999,9.000,8.999,0.006,62.45,0.7293,5.068,0.000,72.93,62.45,10.48,1,0,-1.95360,72.93,72.93,0.00,0,0,72.93,0.00,0.00,0.00,0.00,1.000,1.000,0.00,0,255.00,1,68.66,63.66,5.00,7.181,7.212,4.122,10.066,-0.517,-0.031,26.361,62.45,62,0.4547,8281,3622.75,2744.54,236,250,0
157508,6.983,6.902,9.000,8.999,9.000,8.999,0.004,77.97,0.7797,5.423,0.000,77.97,77.97,0.00,0,0,-2.01653,77.97,77.97,0.00,0,0,77.97,0.00,0.00,0.00,0.00,1.000,1.000,0.00,0,255.00,1,91.72,86.72,5.00,6.906,6.924,6.171,10.994,0.088,-0.038,36.953,77.97,78,0.4278,11325,2649.01,2744.66,246,257,0
157642,8.940,8.444,9.000,9.000,9.000,9.000,0.002,55.89,0.5032,5.283,0.000,50.32,55.89,-5.58,0,1,-2.11459,50.32,50.32,0.00,0,0,50.32,0.00,0.00,0.00,0.00,1.000,1.000,0.00,0,255.00,1,69.10,65.92,3.18,8.474,8.614,4.953,0.000,0.525,0.032,3.647,55.89,56,0.0586,10428,2876.87,2780.77,257,264,0
157771,8.213,8.409,9.000,9.000,9.000,9.000,0.002,51.87,0.5187,4.837,0.000,51.87,51.87,0.00,0,0,-2.15265,51.87,51.87,0.00,0,0,51.87,0.00,0.00,0.00,0.00,1.000,1.000,0.00,0,255.00,1,56.78,53.40,3.38,8.441,8.595,3.503,0.009,-0.247,0.021,2.023,51.87,52,0.3224,12208,2457.41,2712.12,267,270,0
157904,6.894,7.152,9.000,9.000,9.000,9.000,0.001,68.97,0.7635,4.930,0.000,76.35,68.97,7.38,1,0,-2.15265,76.35,76.35,0.00,0,0,76.35,0.00,0.00,0.00,0.00,1.000,1.000,0.00,0,255.00,1,78.55,73.55,5.00,7.151,7.148,5.017,10.700,-0.290,-0.037,28.500,68.97,69,0.1262,9199,3261.22,2651.46,276,284,0
158035,8.063,7.633,9.000,9.000,9.000,9.000,0.001,69.84,0.6984,5.226,0.000,69.84,69.84,0.00,0,0,-2.24886,69.84,69.84,0.00,0,0,69.84,0.00,0.00,0.00,0.00,1.000,1.000,0.00,0,255.00,1,86.36,81.36,5.00,7.640,7.675,6.050,5.189,0.472,-0.011,17.598,69.84,70,-0.2919,11140,2693.00,2663.85,287,293,0
158173,8.941,8.755,9.000,9.000,9.000,9.000,0.000,49.46,0.4946,4.898,0.000,49.46,49.46,0.00,0,0,-2.29656,49.46,49.46,0.00,0,0,49.46,0.00,0.00,0.00,0.00,1.000,1.000,0.00,0,255.00,1,59.37,58.05,1.32,8.782,8.914,4.346,0.000,0.180,0.036,1.344,49.46,50,-0.1085,10902,2751.79,2724.48,297,304,0
158302,7.386,7.905,9.000,9.000,9.000,9.000,0.000,59.25,0.6588,4.666,0.000,65.88,59.25,6.63,1,0,-2.32133,65.88,65.88,0.00,0,0,65.88,0.00,0.00,0.00,0.00,1.000,1.000,0.00,0,255.00,1,64.81,59.81,5.00,7.919,7.988,3.835,6.280,-0.598,-0.010,8.986,59.25,59,0.0788,8112,3698.22,3137.56,309,314,0
158439,7.178,7.232,9.000,9.000,9.000,9.000,0.000,76.35,0.7771,4.963,0.000,77.71,76.35,1.36,1,0,-2.32133,77.71,77.71,0.00,0,0,77.71,0.00,0.00,0.00,0.00,1.000,1.000,0.00,0,255.00,1,87.48,82.48,5.00,7.231,7.226,5.704,10.580,-0.057,-0.037,26.602,76.35,76,0.0383,10773,2784.74,3294.80,320,326,0
158573,8.898,8.406,9.000,9.000,9.000,9.000,0.000,60.35,0.5679,5.001,0.000,56.79,60.35,-3.56,0,1,-2.41835,56.79,56.79,0.00,0,0,56.79,0.00,0.00,0.00,0.00,1.000,1.000,0.00,0,255.00,1,73.38,69.89,3.49,8.424,8.510,5.171,0.000,0.534,0.018,4.223,60.35,61,-0.4512,10257,2924.83,3138.69,331,340,0
158708,8.674,8.724,9.000,9.000,9.000,9.000,0.000,52.64,0.5264,4.641,0.000,52.64,52.64,0.00,0,0,-2.44127,52.64,52.64,0.00,0,0,52.64,0.00,0.00,0.00,0.00,1.000,1.000,0.00,0,255.00,1,56.40,54.90,1.50,8.752,8.887,3.656,0.000,-0.081,0.026,0.402,52.64,53,-0.3581,10822,2772.13,3036.97,342,348,0
158839,7.262,7.572,9.000,9.000,9.000,9.000,0.000,69.74,0.7405,4.713,0.000,74.05,69.74,4.31,1,0,-2.44127,74.05,74.05,0.00,0,0,74.05,0.00,0.00,0.00,0.00,1.000,1.000,0.00,0,255.00,1,76.74,71.74,5.00,7.574,7.584,4.703,10.070,-0.353,-0.030,16.715,69.74,70,-0.2330,11927,2515.30,2743.85,352,362,0
158939,7.791,7.619,9.000,9.000,9.000,9.000,0.000,73.90,0.7390,4.934,0.000,73.90,73.90,0.00,0,0,-2.48270,73.90,73.90,0.00,0,0,73.90,0.00,0.00,0.00,0.00,1.000,1.000,0.00,0,255.00,1,85.90,80.90,5.00,7.620,7.625,5.671,8.599,0.190,-0.025,16.895,73.90,74,0.1070,12412,2417.02,2822.27,360,372,0
159073,9.004,8.791,9.000,9.000,9.000,9.000,0.000,53.41,0.5341,4.734,0.000,53.41,53.41,0.00,0,0,-2.52664,53.41,53.41,0.00,0,0,53.41,0.00,0.00,0.00,0.00,1.000,1.000,0.00,0,255.00,1,60.75,59.61,1.14,8.812,8.915,4.260,0.000,0.218,0.027,0.779,53.41,53,0.3634,8978,3341.50,3057.54,371,383,0
159206,7.994,8.339,9.000,9.000,9.000,9.000,0.000,60.32,0.6053,4.521,0.000,60.53,60.32,0.21,1,0,-2.54029,60.53,60.53,0.00,0,0,60.53,0.00,0.00,0.00,0.00,1.000,1.000,0.00,0,255.00,1,62.10,58.22,3.89,8.358,8.451,3.528,4.376,-0.405,0.000,2.770,60.32,60,0.3242,10385,2888.78,2883.86,382,394,0
159337,7.533,7.618,9.000,9.000,9.000,9.000,0.000,75.52,0.7552,4.775,0.000,75.52,75.52,0.00,0,0,-2.58175,75.52,75.52,0.00,0,0,75.52,0.00,0.00,0.00,0.00,1.000,1.000,0.00,0,255.00,1,83.47,78.47,5.00,7.618,7.617,5.203,10.000,-0.096,-0.032,16.057,75.52,76,-0.4130,13766,2179.28,2830.28,392,401,0
159478,8.992,8.586,9.000,9.000,9.000,9.000,0.000,58.96,0.5838,4.776,0.000,58.38,58.96,-0.58,0,1,-2.65425,58.38,58.38,0.00,0,0,58.38,0.00,0.00,0.00,0.00,1.000,1.000,0.00,0,255.00,1,68.74,66.31,2.43,8.599,8.658,4.774,0.274,0.440,0.014,2.209,58.96,59,-0.0475,10837,2768.29,2751.90,403,412,0
159607,8.601,8.701,9.000,9.000,9.000,9.000,0.000,57.39,0.5739,4.529,0.000,57.39,57.39,0.00,0,0,-2.67466,57.39,57.39,0.00,0,0,57.39,0.00,0.00,0.00,0.00,1.000,1.000,0.00,0,255.00,1,58.15,56.47,1.67,8.724,8.831,3.510,1.237,-0.133,0.014,0.367,57.39,57,-0.0525,10015,2995.51,2766.97,415,427,0
159742,7.717,7.910,9.000,9.000,9.000,9.000,0.000,73.10,0.7310,4.658,0.000,73.10,73.10,0.00,0,0,-2.75307,73.10,73.10,0.00,0,0,73.10,0.00,0.00,0.00,0.00,1.000,1.000,0.00,0,255.00,1,77.57,72.57,5.00,7.915,7.943,4.560,8.877,-0.224,-0.024,9.354,73.10,73,0.3594,16088,1864.74,2657.67,425,439,0
159874,8.759,8.486,9.000,9.000,9.000,9.000,0.000,62.73,0.6273,4.740,0.000,62.73,62.73,0.00,0,0,-2.82705,62.73,62.73,0.00,0,0,62.73,0.00,0.00,0.00,0.00,1.000,1.000,0.00,0,255.00,1,71.32,68.26,3.06,8.495,8.536,4.756,2.330,0.294,0.004,2.722,62.73,62,0.3059,12114,2476.47,2467.62,435,448,0
160010,8.619,8.720,9.000,9.000,9.000,9.000,0.000,60.47,0.6047,4.555,0.000,60.47,60.47,0.00,0,0,-2.84794,60.47,60.47,0.00,0,0,60.47,0.00,0.00,0.00,0.00,1.000,1.000,0.00,0,255.00,1,60.37,58.79,1.57,8.740,8.837,3.598,1.765,-0.132,0.011,0.326,60.47,61,-0.4485,11383,2635.51,2572.74,446,466,0
160138,8.122,8.239,9.000,9.000,9.000,9.000,0.000,69.14,0.6914,4.581,0.000,69.14,69.14,0.00,0,0,-2.90173,69.14,69.14,0.00,0,0,69.14,0.00,0.00,0.00,0.00,1.000,1.000,0.00,0,255.00,1,71.60,67.06,4.54,8.250,8.299,4.090,6.686,-0.143,-0.013,4.213,69.14,69,-0.2324,10431,2876.04,2688.63,457,473,0
160238,8.405,8.329,9.000,9.000,9.000,9.000,0.000,68.02,0.6802,4.641,0.000,68.02,68.02,0.00,0,0,-2.94450,68.02,68.02,0.00,0,0,68.02,0.00,0.00,0.00,0.00,1.000,1.000,0.00,0,255.00,1,73.06,69.04,4.02,8.336,8.372,4.455,5.388,0.075,-0.009,3.594,68.02,68,0.2163,12213,2456.40,2742.51,464,485,0
160368,8.832,8.757,9.000,9.000,9.000,9.000,0.000,62.48,0.6248,4.556,0.000,62.48,62.48,0.00,0,0,-2.97579,62.48,62.48,0.00,0,0,62.48,0.00,0.00,0.00,0.00,1.000,1.000,0.00,0,255.00,1,63.27,61.90,1.37,8.773,8.849,3.880,1.886,0.069,0.009,0.270,62.48,63,-0.2744,10938,2742.73,2662.39,474,497,0
160502,8.491,8.569,9.000,9.000,9.000,9.000,0.000,65.15,0.6515,4.500,0.000,65.15,65.15,0.00,0,0,-3.00597,65.15,65.15,0.00,0,0,65.15,0.00,0.00,0.00,0.00,1.000,1.000,0.00,0,255.00,1,64.98,62.45,2.53,8.582,8.643,3.750,4.407,-0.101,-0.002,1.158,65.15,65,0.3165,13593,2207.02,2475.79,483,508,0
160631,8.465,8.465,9.000,9.000,9.000,9.000,0.000,67.11,0.6711,4.535,0.000,67.11,67.11,0.00,0,0,-3.05309,67.11,67.11,0.00,0,0,67.11,0.00,0.00,0.00,0.00,1.000,1.000,0.00,0,255.00,1,69.75,66.56,3.20,8.472,8.506,4.177,5.230,-0.008,-0.008,2.138,67.11,67,0.4102,6849,4380.20,3100.08,495,521,0
160770,8.693,8.641,9.000,9.000,9.000,9.000,0.000,65.97,0.6597,4.535,0.000,65.97,65.97,0.00,0,0,-3.09049,65.97,65.97,0.00,0,0,65.97,0.00,0.00,0.00,0.00,1.000,1.000,0.00,0,255.00,1,67.89,65.77,2.12,8.650,8.694,4.155,3.693,0.049,-0.000,0.877,65.97,65,0.4692,13682,2192.66,2662.67,505,531,0
160899,8.700,8.696,9.000,9.000,9.000,9.000,0.000,65.90,0.6590,4.507,0.000,65.90,65.90,0.00,0,0,-3.11847,65.90,65.90,0.00,0,0,65.90,0.00,0.00,0.00,0.00,1.000,1.000,0.00,0,255.00,1,66.27,64.50,1.78,8.707,8.757,3.980,3.647,-0.006,0.001,0.551,65.90,66,-0.1304,11914,2518.05,2622.81,515,540,0
161034,8.663,8.668,9.000,9.000,9.000,9.000,0.000,66.76,0.6676,4.501,0.000,66.76,66.76,0.00,0,0,-3.14788,66.76,66.76,0.00,0,0,66.76,0.00,0.00,0.00,0.00,1.000,1.000,0.00,0,255.00,1,67.14,65.19,1.96,8.677,8.720,4.011,4.206,-0.015,-0.002,0.704,66.76,66,0.4183,12751,2352.76,2536.97,526,552,0
161162,8.695,8.683,9.000,9.000,9.000,9.000,0.000,67.16,0.6716,4.505,0.000,67.16,67.16,0.00,0,0,-3.17749,67.16,67.16,0.00,0,0,67.16,0.00,0.00,0.00,0.00,1.000,1.000,0.00,0,255.00,1,67.83,65.96,1.87,8.691,8.729,4.088,4.218,0.005,-0.002,0.657,67.16,67,-0.2582,13246,2264.83,2360.35,536,565,0
161297,8.737,8.731,9.000,9.000,9.000,9.000,0.000,67.12,0.6712,4.498,0.000,67.12,67.12,0.00,0,0,-3.20256,67.12,67.12,0.00,0,0,67.12,0.00,0.00,0.00,0.00,1.000,1.000,0.00,0,255.00,1,67.36,65.78,1.58,8.740,8.779,4.067,4.013,-0.002,-0.001,0.447,67.12,67,-0.0431,11365,2639.68,2398.81,546,577,0
161427,8.733,8.732,9.000,9.000,9.000,9.000,0.000,67.57,0.6757,4.496,0.000,67.57,67.57,0.00,0,0,-3.22653,67.57,67.57,0.00,0,0,67.57,0.00,0.00,0.00,0.00,1.000,1.000,0.00,0,255.00,1,67.79,66.22,1.58,8.740,8.775,4.093,4.229,-0.007,-0.002,0.456,67.57,67,0.1589,11198,2679.05,2500.43,556,582,0
161561,8.762,8.748,9.000,9.000,9.000,9.000,0.000,67.85,0.6785,4.499,0.000,67.85,67.85,0.00,0,0,-3.24985,67.85,67.85,0.00,0,0,67.85,0.00,0.00,0.00,0.00,1.000,1.000,0.00,0,255.00,1,68.19,66.71,1.49,8.755,8.786,4.141,4.237,0.009,-0.002,0.410,67.85,67,0.4889,10406,2882.95,2620.45,567,595,0
161695,8.752,8.755,9.000,9.000,9.000,9.000,0.000,68.19,0.6819,4.503,0.000,68.19,68.19,0.00,0,0,-3.27185,68.19,68.19,0.00,0,0,68.19,0.00,0.00,0.00,0.00,1.000,1.000,0.00,0,255.00,1,68.62,67.18,1.44,8.761,8.790,4.181,4.326,-0.010,-0.002,0.393,68.19,69,-0.3671,11588,2588.89,2590.32,577,607,0
161796,8.780,8.771,9.000,9.000,9.000,9.000,0.000,68.30,0.6830,4.506,0.000,68.30,68.30,0.00,0,0,-3.28592,68.30,68.30,0.00,0,0,68.30,0.00,0.00,0.00,0.00,1.000,1.000,0.00,0,255.00,1,68.76,67.40,1.35,8.777,8.804,4.204,4.270,0.005,-0.002,0.343,68.30,68,0.2082,10588,2833.40,2674.72,585,612,0
161923,8.781,8.787,9.000,9.000,9.000,9.000,0.000,68.48,0.6848,4.506,0.000,68.48,68.48,0.00,0,0,-3.30479,68.48,68.48,0.00,0,0,68.48,0.00,0.00,0.00,0.00,1.000,1.000,0.00,0,255.00,1,68.77,67.52,1.25,8.793,8.819,4.206,4.294,-0.012,-0.001,0.292,68.48,68,0.1928,10321,2906.70,2730.74,595,625,0
162057,8.819,8.808,9.000,9.000,9.000,9.000,0.000,68.60,0.6860,4.506,0.000,68.60,68.60,0.00,0,0,-3.32254,68.60,68.60,0.00,0,0,68.60,0.00,0.00,0.00,0.00,1.000,1.000,0.00,0,255.00,1,68.80,67.68,1.13,8.814,8.839,4.219,4.246,0.006,-0.001,0.233,68.60,69,-0.1690,11957,2508.99,2643.75,606,633,0
162189,8.815,8.821,9.000,9.000,9.000,9.000,0.000,68.78,0.6878,4.506,0.000,68.78,68.78,0.00,0,0,-3.33881,68.78,68.78,0.00,0,0,68.78,0.00,0.00,0.00,0.00,1.000,1.000,0.00,0,255.00,1,68.89,67.83,1.05,8.826,8.850,4.227,4.285,-0.012,-0.001,0.203,68.78,69,-0.0800,11988,2502.50,2528.87,616,639,0
162324,8.835,8.833,9.000,9.000,9.000,9.000,0.000,69.05,0.6905,4.507,0.000,69.05,69.05,0.00,0,0,-3.35911,69.05,69.05,0.00,0,0,69.05,0.00,0.00,0.00,0.00,1.000,1.000,0.00,0,255.00,1,69.17,68.18,0.98,8.837,8.859,4.256,4.344,-0.002,-0.001,0.179,69.05,69,-0.3990,13055,2297.97,2584.81,627,652,0
162454,8.873,8.869,9.000,9.000,9.000,9.000,0.000,69.08,0.6908,4.504,0.000,69.08,69.08,0.00,0,0,-3.38087,69.08,69.08,0.00,0,0,69.08,0.00,0.00,0.00,0.00,1.000,1.000,0.00,0,255.00,1,68.95,68.19,0.76,8.874,8.895,4.254,4.221,-0.001,-0.000,0.103,69.08,69,-0.0390,10654,2815.84,2714.60,638,668,0
162594,8.871,8.870,9.000,9.000,9.000,9.000,0.000,69.29,0.6929,4.502,0.000,69.29,69.29,0.00,0,0,-3.39254,69.29,69.29,0.00,0,0,69.29,0.00,0.00,0.00,0.00,1.000,1.000,0.00,0,255.00,1,69.16,68.40,0.76,8.874,8.894,4.268,4.336,-0.004,-0.001,0.103,69.29,70,-0.3872,12073,2484.88,2655.77,649,687,0
162725,8.897,8.895,9.000,9.000,9.000,9.000,0.000,69.30,0.6930,4.497,0.000,69.30,69.30,0.00,0,0,-3.40613,69.30,69.30,0.00,0,0,69.30,0.00,0.00,0.00,0.00,1.000,1.000,0.00,0,255.00,1,69.03,68.41,0.61,8.899,8.917,4.269,4.262,-0.001,-0.000,0.066,69.30,70,-0.2376,9963,3011.14,2851.92,660,696,0
162861,8.893,8.894,9.000,9.000,9.000,9.000,0.000,69.54,0.6954,4.494,0.000,69.54,69.54,0.00,0,0,-3.41835,69.54,69.54,0.00,0,0,69.54,0.00,0.00,0.00,0.00,1.000,1.000,0.00,0,255.00,1,69.34,68.71,0.62,8.897,8.912,4.292,4.406,-0.005,-0.001,0.070,69.54,69,0.3863,11559,2595.38,2678.82,671,714,0
162990,8.916,8.910,9.000,9.000,9.000,9.000,0.000,69.54,0.6954,4.492,0.000,69.54,69.54,0.00,0,0,-3.42683,69.54,69.54,0.00,0,0,69.54,0.00,0.00,0.00,0.00,1.000,1.000,0.00,0,255.00,1,69.35,68.83,0.53,8.913,8.927,4.308,4.334,0.004,-0.001,0.050,69.54,70,-0.0287,11668,2571.13,2690.04,681,728,0
163125,8.939,8.934,9.000,9.000,9.000,9.000,0.000,69.40,0.6940,4.485,0.000,69.40,69.40,0.00,0,0,-3.43336,69.40,69.40,0.00,0,0,69.40,0.00,0.00,0.00,0.00,1.000,1.000,0.00,0,255.00,1,68.98,68.60,0.38,8.937,8.952,4.287,4.220,0.002,0.000,0.026,69.40,69,0.2710,9671,3102.06,2751.84,693,738,0
163255,8.937,8.936,9.000,9.000,9.000,9.000,0.000,69.58,0.6958,4.478,0.000,69.58,69.58,0.00,0,0,-3.44352,69.58,69.58,0.00,0,0,69.58,0.00,0.00,0.00,0.00,1.000,1.000,0.00,0,255.00,1,69.20,68.83,0.37,8.939,8.950,4.305,4.340,-0.001,-0.000,0.025,69.58,70,-0.0050,12500,2400.00,2572.80,703,751,0
163395,8.924,8.928,9.000,9.000,9.000,9.000,0.000,69.80,0.6980,4.479,0.000,69.80,69.80,0.00,0,0,-3.44998,69.80,69.80,0.00,0,0,69.80,0.00,0.00,0.00,0.00,1.000,1.000,0.00,0,255.00,1,69.66,69.23,0.43,8.930,8.938,4.345,4.457,-0.006,-0.001,0.034,69.80,70,0.2539,11786,2545.39,2686.90,714,761,0
163525,8.942,8.941,9.000,9.000,9.000,9.000,0.000,69.76,0.6976,4.477,0.000,69.76,69.76,0.00,0,0,-3.45529,69.76,69.76,0.00,0,0,69.76,0.00,0.00,0.00,0.00,1.000,1.000,0.00,0,255.00,1,69.61,69.26,0.35,8.943,8.951,4.353,4.388,-0.000,-0.001,0.022,69.76,69,0.4262,11584,2589.78,2711.29,725,774,0
163660,8.942,8.949,9.000,9.000,9.000,9.000,0.000,69.77,0.6977,4.474,0.000,69.77,69.77,0.00,0,0,-3.45982,69.77,69.77,0.00,0,0,69.77,0.00,0.00,0.00,0.00,1.000,1.000,0.00,0,255.00,1,69.55,69.25,0.30,8.950,8.958,4.350,4.379,-0.009,-0.001,0.017,69.77,70,-0.3992,11753,2552.54,2655.33,736,787,0
163790,8.972,8.964,9.000,9.000,9.000,9.000,0.000,69.67,0.6967,4.469,0.000,69.67,69.67,0.00,0,0,-3.46354,69.67,69.67,0.00,0,0,69.67,0.00,0.00,0.00,0.00,1.000,1.000,0.00,0,255.00,1,69.36,69.15,0.21,8.965,8.974,4.343,4.300,0.008,-0.000,0.008,69.67,70,-0.2785,9651,3108.49,2871.03,745,798,0
163922,8.954,8.952,9.000,9.000,9.000,9.000,0.000,69.88,0.6988,4.469,0.000,69.88,69.88,0.00,0,0,-3.46778,69.88,69.88,0.00,0,0,69.88,0.00,0.00,0.00,0.00,1.000,1.000,0.00,0,255.00,1,69.73,69.45,0.28,8.954,8.960,4.370,4.443,-0.000,-0.001,0.015,69.88,70,0.2677,11689,2566.52,2805.90,757,816,0
164052,8.976,8.971,9.000,9.000,9.000,9.000,0.000,69.75,0.6975,4.463,0.000,69.75,69.75,0.00,0,0,-3.47174,69.75,69.75,0.00,0,0,69.75,0.00,0.00,0.00,0.00,1.000,1.000,0.00,0,255.00,1,69.48,69.32,0.16,8.973,8.980,4.361,4.332,0.004,0.000,0.005,69.75,69,0.3590,9609,3122.07,2777.57,767,832,0
164182,8.957,8.966,9.000,9.000,9.000,9.000,0.000,69.86,0.6986,4.460,0.000,69.86,69.86,0.00,0,0,-3.47438,69.86,69.86,0.00,0,0,69.86,0.00,0.00,0.00,0.00,1.000,1.000,0.00,0,255.00,1,69.60,69.41,0.20,8.968,8.973,4.365,4.430,-0.012,-0.000,0.007,69.86,70,-0.2567,10204,2940.02,2917.44,777,843,0
164317,8.996,8.982,9.000,9.000,9.000,9.000,0.000,69.74,0.6974,4.457,0.000,69.74,69.74,0.00,0,0,-3.47670,69.74,69.74,0.00,0,0,69.74,0.00,0.00,0.00,0.00,1.000,1.000,0.00,0,255.00,1,69.46,69.35,0.10,8.983,8.989,4.367,4.313,0.014,0.000,0.002,69.74,70,0.1627,11978,2504.59,2698.44,787,857,0
164450,8.986,8.988,9.000,9.000,9.000,9.000,0.000,69.68,0.6968,4.450,0.000,69.68,69.68,0.00,0,0,-3.47773,69.68,69.68,0.00,0,0,69.68,0.00,0.00,0.00,0.00,1.000,1.000,0.00,0,255.00,1,69.24,69.18,0.06,8.990,8.996,4.347,4.322,-0.004,0.000,0.003,69.68,69,0.1883,10229,2932.84,2679.42,799,872,0
164587,8.985,8.981,9.000,9.000,9.000,9.000,0.000,69.82,0.6982,4.445,0.000,69.82,69.82,0.00,0,0,-3.48011,69.82,69.82,0.00,0,0,69.82,0.00,0.00,0.00,0.00,1.000,1.000,0.00,0,255.00,1,69.55,69.44,0.11,8.981,8.986,4.373,4.441,0.003,-0.000,0.003,69.82,70,-0.0315,8854,3388.30,2928.26,809,886,0
164717,9.001,8.997,9.000,9.000,9.000,9.000,0.000,69.65,0.6965,4.440,0.000,69.65,69.65,0.00,0,0,-3.48078,69.65,69.65,0.00,0,0,69.65,0.00,0.00,0.00,0.00,1.000,1.000,0.00,0,255.00,1,69.30,69.28,0.01,8.998,9.003,4.364,4.319,0.004,0.000,0.002,69.65,70,0.0555,11171,2685.52,2833.41,821,900,0
164852,8.992,8.993,9.000,9.000,9.000,9.000,0.000,69.71,0.6971,4.432,0.000,69.71,69.71,0.00,0,0,-3.48183,69.71,69.71,0.00,0,0,69.71,0.00,0.00,0.00,0.00,1.000,1.000,0.00,0,255.00,1,69.44,69.40,0.04,8.994,8.998,4.376,4.416,-0.002,0.000,0.001,69.71,70,-0.1711,10717,2799.29,2668.45,831,918,0
164982,8.976,8.986,9.000,9.000,9.000,9.000,0.000,69.81,0.6981,4.432,0.000,69.81,69.81,0.00,0,0,-3.48274,69.81,69.81,0.00,0,0,69.81,0.00,0.00,0.00,0.00,1.000,1.000,0.00,0,255.00,1,69.68,69.59,0.08,8.987,8.989,4.396,4.481,-0.012,-0.000,0.001,69.81,70,0.1093,9790,3064.35,2797.14,842,936,0
165118,8.994,8.991,9.000,9.000,9.000,9.000,0.000,69.77,0.6977,4.432,0.000,69.77,69.77,0.00,0,0,-3.48355,69.77,69.77,0.00,0,0,69.77,0.00,0.00,0.00,0.00,1.000,1.000,0.00,0,255.00,1,69.71,69.65,0.05,8.991,8.992,4.407,4.433,0.003,-0.000,0.001,69.77,69,0.4036,10347,2899.39,2825.38,853,948,0
165247,8.986,8.989,9.000,9.000,9.000,9.000,0.000,69.81,0.6981,4.432,0.000,69.81,69.81,0.00,0,0,-3.48448,69.81,69.81,0.00,0,0,69.81,0.00,0.00,0.00,0.00,1.000,1.000,0.00,0,255.00,1,69.81,69.75,0.07,8.989,8.990,4.417,4.449,-0.004,-0.000,0.001,69.81,70,-0.1992,11650,2575.11,2766.08,864,966,0
165388,9.006,8.999,9.000,9.000,9.000,9.000,0.000,69.71,0.6971,4.430,0.000,69.71,69.71,0.00,0,0,-3.48478,69.71,69.71,0.00,0,0,69.71,0.00,0.00,0.00,0.00,1.000,1.000,0.00,0,255.00,1,69.63,69.62,0.00,8.999,9.001,4.408,4.368,0.007,0.000,0.000,69.71,70,-0.0079,10717,2799.29,2837.25,875,980,0
165517,8.987,8.992,9.000,9.000,9.000,9.000,0.000,69.79,0.6979,4.429,0.000,69.79,69.79,0.00,0,0,-3.48505,69.79,69.79,0.00,0,0,69.79,0.00,0.00,0.00,0.00,1.000,1.000,0.00,0,255.00,1,69.71,69.66,0.05,8.993,8.994,4.407,4.450,-0.006,-0.000,0.000,69.79,70,0.1833,10548,2844.14,2830.04,886,992,0
165652,9.009,9.003,9.000,9.000,9.000,9.000,0.000,69.68,0.6968,4.426,0.000,69.68,69.68,0.00,0,0,-3.48555,69.68,69.68,0.00,0,0,69.68,0.00,0.00,0.00,0.00,1.000,1.000,0.00,0,255.00,1,69.58,69.60,-0.02,9.003,9.005,4.406,4.362,0.006,0.000,0.000,69.68,70,-0.3820,11217,2674.51,2817.69,897,1008,0
165788,8.991,8.998,9.000,9.000,9.000,9.000,0.000,69.73,0.6973,4.424,0.000,69.73,69.73,0.00,0,0,-3.48540,69.73,69.73,0.00,0,0,69.73,0.00,0.00,0.00,0.00,1.000,1.000,0.00,0,255.00,1,69.60,69.59,0.01,8.998,9.000,4.401,4.426,-0.008,0.000,0.000,69.73,70,-0.3121,10644,2818.49,2960.32,908,1020,0
165926,9.004,9.000,9.000,9.000,9.000,9.000,0.000,69.72,0.6972,4.423,0.000,69.72,69.72,0.00,0,0,-3.48591,69.72,69.72,0.00,0,0,69.72,0.00,0.00,0.00,0.00,1.000,1.000,0.00,0,255.00,1,69.69,69.69,-0.00,9.001,9.002,4.416,4.404,0.004,0.000,0.000,69.72,70,-0.2747,11174,2684.80,2805.42,918,1038,0
166055,8.995,9.001,9.000,9.000,9.000,9.000,0.000,69.69,0.6969,4.420,0.000,69.69,69.69,0.00,0,0,-3.48534,69.69,69.69,0.00,0,0,69.69,0.00,0.00,0.00,0.00,1.000,1.000,0.00,0,255.00,1,69.56,69.57,-0.01,9.002,9.003,4.402,4.417,-0.008,0.000,0.000,69.69,70,-0.3577,10653,2816.11,2839.46,929,1049,0
166155,8.998,8.997,9.000,9.000,9.000,9.000,0.000,69.75,0.6975,4.421,0.000,69.75,69.75,0.00,0,0,-3.48560,69.75,69.75,0.00,0,0,69.75,0.00,0.00,0.00,0.00,1.000,1.000,0.00,0,255.00,1,69.72,69.70,0.02,8.997,8.997,4.415,4.454,0.001,-0.000,0.000,69.75,70,0.1586,10619,2825.12,2832.86,937,1055,0
166288,9.005,9.011,9.000,9.000,9.000,9.000,0.000,69.58,0.6958,4.417,0.000,69.58,69.58,0.00,0,0,-3.48485,69.58,69.58,0.00,0,0,69.58,0.00,0.00,0.00,0.00,1.000,1.000,0.00,0,255.00,1,69.39,69.46,-0.07,9.011,9.012,4.394,4.341,-0.007,0.000,0.002,69.58,70,-0.2923,10050,2985.07,2685.63,947,1067,0
166423,9.005,9.008,9.000,9.000,9.000,9.000,0.000,69.58,0.6958,4.413,0.000,69.58,69.58,0.00,0,0,-3.48376,69.58,69.58,0.00,0,0,69.58,0.00,0.00,0.00,0.00,1.000,1.000,0.00,0,255.00,1,69.32,69.37,-0.05,9.008,9.010,4.382,4.393,-0.003,0.000,0.002,69.58,69,0.3447,10909,2750.02,2735.42,958,1083,0
166556,8.999,9.009,9.000,9.000,9.000,9.000,0.000,69.56,0.6956,4.409,0.000,69.56,69.56,0.00,0,0,-3.48258,69.56,69.56,0.00,0,0,69.56,0.00,0.00,0.00,0.00,1.000,1.000,0.00,0,255.00,1,69.26,69.31,-0.05,9.009,9.009,4.375,4.410,-0.011,-0.000,0.002,69.56,70,-0.1175,12805,2342.83,2568.41,970,1097,0
166692,9.018,9.009,9.000,9.000,9.000,9.000,0.000,69.55,0.6955,4.409,0.000,69.55,69.55,0.00,0,0,-3.48229,69.55,69.55,0.00,0,0,69.55,0.00,0.00,0.00,0.00,1.000,1.000,0.00,0,255.00,1,69.39,69.44,-0.05,9.009,9.009,4.395,4.385,0.010,0.000,0.001,69.55,70,-0.2811,10249,2927.11,2605.64,980,1113,0
166823,9.012,9.010,9.000,9.000,9.000,9.000,0.000,69.52,0.6952,4.408,0.000,69.52,69.52,0.00,0,0,-3.48157,69.52,69.52,0.00,0,0,69.52,0.00,0.00,0.00,0.00,1.000,1.000,0.00,0,255.00,1,69.37,69.43,-0.06,9.010,9.010,4.395,4.379,0.002,0.000,0.001,69.52,69,0.3641,11939,2512.77,2600.52,991,1127,0
166959,8.997,9.000,9.000,9.000,9.000,9.000,0.000,69.62,0.6962,4.409,0.000,69.62,69.62,0.00,0,0,-3.48136,69.62,69.62,0.00,0,0,69.62,0.00,0.00,0.00,0.00,1.000,1.000,0.00,0,255.00,1,69.59,69.59,-0.00,9.000,8.999,4.409,4.458,-0.004,-0.000,0.000,69.62,69,0.1684,11950,2510.46,2722.07,1002,1136,0
167090,9.022,9.016,9.000,9.000,9.000,9.000,0.000,69.43,0.6943,4.406,0.000,69.43,69.43,0.00,0,0,-3.48053,69.43,69.43,0.00,0,0,69.43,0.00,0.00,0.00,0.00,1.000,1.000,0.00,0,255.00,1,69.30,69.39,-0.10,9.016,9.016,4.397,4.312,0.006,0.000,0.002,69.43,70,-0.2846,10380,2890.17,2792.36,1013,1149,0
167225,8.998,9.005,9.000,9.000,9.000,9.000,0.000,69.53,0.6953,4.404,0.000,69.53,69.53,0.00,0,0,-3.47964,69.53,69.53,0.00,0,0,69.53,0.00,0.00,0.00,0.00,1.000,1.000,0.00,0,255.00,1,69.39,69.43,-0.03,9.005,9.004,4.393,4.428,-0.008,-0.000,0.000,69.53,69,0.1780,10496,2858.23,2850.08,1024,1166,0
167357,9.000,9.002,9.000,9.000,9.000,9.000,0.000,69.56,0.6956,4.405,0.000,69.56,69.56,0.00,0,0,-3.47905,69.56,69.56,0.00,0,0,69.56,0.00,0.00,0.00,0.00,1.000,1.000,0.00,0,255.00,1,69.54,69.55,-0.01,9.002,9.000,4.409,4.441,-0.002,-0.000,0.000,69.56,70,-0.1179,10425,2877.70,2841.56,1035,1175,0
167493,9.012,9.016,9.000,9.000,9.000,9.000,0.000,69.37,0.6937,4.400,0.000,69.37,69.37,0.00,0,0,-3.47748,69.37,69.37,0.00,0,0,69.37,0.00,0.00,0.00,0.00,1.000,1.000,0.00,0,255.00,1,69.15,69.24,-0.10,9.016,9.017,4.380,4.335,-0.004,0.000,0.003,69.37,69,-0.0209,10942,2741.73,2748.02,1045,1192,0
167622,9.024,9.014,9.000,9.000,9.000,9.000,0.000,69.39,0.6939,4.399,0.000,69.39,69.39,0.00,0,0,-3.47692,69.39,69.39,0.00,0,0,69.39,0.00,0.00,0.00,0.00,1.000,1.000,0.00,0,255.00,1,69.25,69.33,-0.08,9.014,9.014,4.391,4.346,0.012,0.000,0.002,69.39,69,0.4022,11279,2659.81,2730.89,1056,1211,0
167757,9.014,9.011,9.000,9.000,9.000,9.000,0.000,69.37,0.6937,4.396,0.000,69.37,69.37,0.00,0,0,-3.47440,69.37,69.37,0.00,0,0,69.37,0.00,0.00,0.00,0.00,1.000,1.000,0.00,0,255.00,1,69.27,69.34,-0.07,9.011,9.011,4.394,4.369,0.003,0.000,0.001,69.37,70,-0.4335,9404,3190.13,3133.05,1066,1223,0
167886,9.026,9.019,9.000,9.000,9.000,9.000,0.000,69.24,0.6924,4.392,0.000,69.24,69.24,0.00,0,0,-3.47294,69.24,69.24,0.00,0,0,69.24,0.00,0.00,0.00,0.00,1.000,1.000,0.00,0,255.00,1,69.01,69.13,-0.12,9.020,9.021,4.375,4.305,0.007,0.001,0.004,69.24,69,0.4279,9430,3181.34,3086.20,1075,1233,0
167986,9.026,9.022,9.000,9.000,9.000,9.000,0.000,69.15,0.6915,4.385,0.000,69.15,69.15,0.00,0,0,-3.47010,69.15,69.15,0.00,0,0,69.15,0.00,0.00,0.00,0.00,1.000,1.000,0.00,0,255.00,1,68.81,68.95,-0.14,9.023,9.024,4.356,4.312,0.004,0.001,0.006,69.15,69,0.4948,13367,2244.33,2740.73,1083,1245,0
168116,8.992,9.000,9.000,9.000,9.000,9.000,0.000,69.39,0.6939,4.386,0.000,69.39,69.39,0.00,0,0,-3.46947,69.39,69.39,0.00,0,0,69.39,0.00,0.00,0.00,0.00,1.000,1.000,0.00,0,255.00,1,69.29,69.29,0.00,9.000,8.998,4.385,4.507,-0.008,-0.000,0.000,69.39,69,0.4311,10619,2825.12,2766.76,1094,1256,0
168251,9.031,9.016,9.000,9.000,9.000,9.000,0.000,69.19,0.6919,4.386,0.000,69.19,69.19,0.00,0,0,-3.46867,69.19,69.19,0.00,0,0,69.19,0.00,0.00,0.00,0.00,1.000,1.000,0.00,0,255.00,1,69.11,69.21,-0.10,9.016,9.016,4.389,4.330,0.017,0.000,0.002,69.19,69,0.2702,11811,2540.01,2717.57,1105,1275,0
168385,9.004,9.011,9.000,9.000,9.000,9.000,0.000,69.22,0.6922,4.383,0.000,69.22,69.22,0.00,0,0,-3.46740,69.22,69.22,0.00,0,0,69.22,0.00,0.00,0.00,0.00,1.000,1.000,0.00,0,255.00,1,69.09,69.16,-0.07,9.011,9.011,4.380,4.389,-0.008,0.000,0.001,69.22,69,-0.1363,10833,2769.32,2658.64,1115,1288,0
168486,8.998,9.004,9.000,9.000,9.000,9.000,0.000,69.29,0.6929,4.383,0.000,69.29,69.29,0.00,0,0,-3.46694,69.29,69.29,0.00,0,0,69.29,0.00,0.00,0.00,0.00,1.000,1.000,0.00,0,255.00,1,69.23,69.25,-0.02,9.004,9.003,4.388,4.447,-0.007,-0.000,0.000,69.29,69,0.3725,12344,2430.33,2630.69,1123,1301,0
168616,9.015,9.008,9.000,9.000,9.000,9.000,0.000,69.24,0.6924,4.385,0.000,69.24,69.24,0.00,0,0,-3.46655,69.24,69.24,0.00,0,0,69.24,0.00,0.00,0.00,0.00,1.000,1.000,0.00,0,255.00,1,69.25,69.30,-0.05,9.008,9.007,4.399,4.383,0.008,0.000,0.000,69.24,69,0.2314,10718,2799.03,2663.26,1134,1319,0
168751,8.998,9.008,9.000,9.000,9.000,9.000,0.000,69.22,0.6922,4.382,0.000,69.22,69.22,0.00,0,0,-3.46541,69.22,69.22,0.00,0,0,69.22,0.00,0.00,0.00,0.00,1.000,1.000,0.00,0,255.00,1,69.15,69.20,-0.05,9.008,9.007,4.385,4.402,-0.011,0.000,0.001,69.22,69,-0.2488,10979,2732.49,2768.12,1145,1331,0
168886,9.022,9.016,9.000,9.000,9.000,9.000,0.000,69.10,0.6910,4.380,0.000,69.10,69.10,0.00,0,0,-3.46412,69.10,69.10,0.00,0,0,69.10,0.00,0.00,0.00,0.00,1.000,1.000,0.00,0,255.00,1,68.94,69.04,-0.10,9.016,9.017,4.373,4.329,0.006,0.000,0.002,69.10,69,0.1374,9639,3112.36,2881.68,1156,1340,0
169022,9.016,9.020,9.000,9.000,9.000,9.000,0.000,69.03,0.6903,4.376,0.000,69.03,69.03,0.00,0,0,-3.46249,69.03,69.03,0.00,0,0,69.03,0.00,0.00,0.00,0.00,1.000,1.000,0.00,0,255.00,1,68.77,68.89,-0.12,9.020,9.021,4.357,4.314,-0.004,0.001,0.004,69.03,69,0.3130,11034,2718.87,2768.62,1167,1355,0
169154,9.005,9.008,9.000,9.000,9.000,9.000,0.000,69.13,0.6913,4.374,0.000,69.13,69.13,0.00,0,0,-3.46116,69.13,69.13,0.00,0,0,69.13,0.00,0.00,0.00,0.00,1.000,1.000,0.00,0,255.00,1,68.94,68.99,-0.05,9.008,9.008,4.363,4.432,-0.004,-0.000,0.001,69.13,70,-0.4984,12014,2497.09,2715.11,1178,1368,0
169290,9.014,9.011,9.000,9.000,9.000,9.000,0.000,69.09,0.6909,4.374,0.000,69.09,69.09,0.00,0,0,-3.46036,69.09,69.09,0.00,0,0,69.09,0.00,0.00,0.00,0.00,1.000,1.000,0.00,0,255.00,1,68.99,69.06,-0.06,9.010,9.010,4.375,4.385,0.004,0.000,0.001,69.09,69,-0.1584,10391,2887.11,2776.93,1188,1384,0
169420,9.004,9.014,9.000,9.000,9.000,9.000,0.000,69.01,0.6901,4.370,0.000,69.01,69.01,0.00,0,0,-3.45863,69.01,69.01,0.00,0,0,69.01,0.00,0.00,0.00,0.00,1.000,1.000,0.00,0,255.00,1,68.80,68.89,-0.09,9.014,9.014,4.358,4.369,-0.011,0.000,0.002,69.01,69,-0.2579,10517,2852.52,2773.86,1199,1396,0
169521,9.004,9.008,9.000,9.000,9.000,9.000,0.000,69.05,0.6905,4.369,0.000,69.05,69.05,0.00,0,0,-3.45717,69.05,69.05,0.00,0,0,69.05,0.00,0.00,0.00,0.00,1.000,1.000,0.00,0,255.00,1,68.93,68.98,-0.05,9.008,9.007,4.368,4.416,-0.005,-0.000,0.001,69.05,69,-0.1939,10963,2736.48,2764.11,1207,1402,0
169651,9.020,9.013,9.000,9.000,9.000,9.000,0.000,68.98,0.6898,4.368,0.000,68.98,68.98,0.00,0,0,-3.45628,68.98,68.98,0.00,0,0,68.98,0.00,0.00,0.00,0.00,1.000,1.000,0.00,0,255.00,1,68.91,68.99,-0.07,9.012,9.012,4.374,4.358,0.008,0.000,0.001,68.98,69,-0.1318,10477,2863.42,2796.74,1217,1419,0
169751,9.018,9.015,9.000,9.000,9.000,9.000,0.000,68.93,0.6893,4.366,0.000,68.93,68.93,0.00,0,0,-3.45478,68.93,68.93,0.00,0,0,68.93,0.00,0.00,0.00,0.00,1.000,1.000,0.00,0,255.00,1,68.82,68.91,-0.09,9.015,9.014,4.367,4.336,0.003,0.000,0.002,68.93,69,-0.2676,10861,2762.18,2794.71,1225,1426,0
169882,9.001,9.007,9.000,9.000,9.000,9.000,0.000,69.01,0.6901,4.367,0.000,69.01,69.01,0.00,0,0,-3.45411,69.01,69.01,0.00,0,0,69.01,0.00,0.00,0.00,0.00,1.000,1.000,0.00,0,255.00,1,68.97,69.01,-0.04,9.007,9.005,4.376,4.402,-0.006,-0.000,0.000,69.01,69,-0.2552,10691,2806.10,2946.60,1234,1435,0
170019,9.008,9.010,9.000,9.000,9.000,9.000,0.000,68.94,0.6894,4.365,0.000,68.94,68.94,0.00,0,0,-3.45283,68.94,68.94,0.00,0,0,68.94,0.00,0.00,0.00,0.00,1.000,1.000,0.00,0,255.00,1,68.84,68.90,-0.06,9.010,9.010,4.365,4.376,-0.003,0.000,0.001,68.94,68,0.4538,11746,2554.06,2844.02,1245,1448,0
170149,8.996,8.998,9.000,9.000,9.000,9.000,0.000,69.08,0.6908,4.368,0.000,69.08,69.08,0.00,0,0,-3.45280,69.08,69.08,0.00,0,0,69.08,0.00,0.00,0.00,0.00,1.000,1.000,0.00,0,255.00,1,69.18,69.16,0.02,8.997,8.996,4.391,4.462,-0.001,-0.000,0.000,69.08,69,-0.3908,10921,2747.00,2705.87,1256,1462,0
170250,9.005,9.008,9.000,9.000,9.000,9.000,0.000,68.96,0.6896,4.367,0.000,68.96,68.96,0.00,0,0,-3.45223,68.96,68.96,0.00,0,0,68.96,0.00,0.00,0.00,0.00,1.000,1.000,0.00,0,255.00,1,68.98,69.03,-0.05,9.008,9.007,4.382,4.364,-0.003,0.000,0.000,68.96,68,0.4889,10768,2786.03,2735.18,1263,1465,0
170382,8.996,8.998,9.000,9.000,9.000,9.000,0.000,69.06,0.6906,4.369,0.000,69.06,69.06,0.00,0,0,-3.45213,69.06,69.06,0.00,0,0,69.06,0.00,0.00,0.00,0.00,1.000,1.000,0.00,0,255.00,1,69.18,69.17,0.01,8.998,8.997,4.393,4.439,-0.002,-0.000,0.000,69.06,69,-0.4228,10824,2771.62,2705.16,1273,1481,0
170517,9.019,9.015,9.000,9.000,9.000,9.000,0.000,68.86,0.6886,4.367,0.000,68.86,68.86,0.00,0,0,-3.45131,68.86,68.86,0.00,0,0,68.86,0.00,0.00,0.00,0.00,1.000,1.000,0.00,0,255.00,1,68.83,68.92,-0.09,9.015,9.016,4.374,4.285,0.005,0.001,0.002,68.86,68,0.3698,10699,2804.00,2743.66,1284,1491,0
170648,9.000,9.007,9.000,9.000,9.000,9.000,0.000,68.92,0.6892,4.365,0.000,68.92,68.92,0.00,0,0,-3.45032,68.92,68.92,0.00,0,0,68.92,0.00,0.00,0.00,0.00,1.000,1.000,0.00,0,255.00,1,68.83,68.88,-0.04,9.007,9.008,4.363,4.374,-0.008,0.000,0.001,68.92,69,0.0355,11434,2623.75,2793.64,1295,1502,0
170748,9.000,9.000,9.000,9.000,9.000,9.000,0.000,69.00,0.6900,4.367,0.000,69.00,69.00,0.00,0,0,-3.45022,69.00,69.00,0.00,0,0,69.00,0.00,0.00,0.00,0.00,1.000,1.000,0.00,0,255.00,1,69.04,69.04,-0.00,9.000,9.000,4.380,4.420,-0.001,-0.000,0.000,69.00,69,0.0128,12036,2492.52,2663.49,1302,1514,0
170882,9.032,9.019,9.000,9.000,9.000,9.000,0.000,68.77,0.6877,4.365,0.000,68.77,68.77,0.00,0,0,-3.44921,68.77,68.77,0.00,0,0,68.77,0.00,0.00,0.00,0.00,1.000,1.000,0.00,0,255.00,1,68.65,68.77,-0.12,9.020,9.021,4.360,4.245,0.014,0.001,0.004,68.77,69,-0.3873,12126,2474.02,2687.63,1313,1530,0
171017,9.001,9.013,9.000,9.000,9.000,9.000,0.000,68.80,0.6880,4.359,0.000,68.80,68.80,0.00,0,0,-3.44733,68.80,68.80,0.00,0,0,68.80,0.00,0.00,0.00,0.00,1.000,1.000,0.00,0,255.00,1,68.51,68.59,-0.08,9.013,9.015,4.333,4.349,-0.013,0.000,0.003,68.80,69,-0.2244,10156,2953.92,2831.97,1324,1537,0
171146,9.024,9.015,9.000,9.000,9.000,9.000,0.000,68.75,0.6875,4.357,0.000,68.75,68.75,0.00,0,0,-3.44589,68.75,68.75,0.00,0,0,68.75,0.00,0.00,0.00,0.00,1.000,1.000,0.00,0,255.00,1,68.53,68.63,-0.09,9.015,9.016,4.342,4.322,0.010,0.000,0.002,68.75,69,-0.0540,11827,2536.57,2523.44,1334,1548,0
171287,9.013,9.012,9.000,9.000,9.000,9.000,0.000,68.77,0.6877,4.356,0.000,68.77,68.77,0.00,0,0,-3.44510,68.77,68.77,0.00,0,0,68.77,0.00,0.00,0.00,0.00,1.000,1.000,0.00,0,255.00,1,68.63,68.70,-0.07,9.012,9.011,4.351,4.344,0.001,0.000,0.001,68.77,68,0.3742,10097,2971.18,2628.42,1344,1568,0
171417,9.023,9.015,9.000,9.000,9.000,9.000,0.000,68.72,0.6872,4.356,0.000,68.72,68.72,0.00,0,0,-3.44430,68.72,68.72,0.00,0,0,68.72,0.00,0.00,0.00,0.00,1.000,1.000,0.00,0,255.00,1,68.62,68.70,-0.09,9.015,9.015,4.354,4.309,0.010,0.000,0.002,68.72,69,-0.2474,9824,3053.75,2645.98,1355,1582,0
171551,9.014,9.014,9.000,9.000,9.000,9.000,0.000,68.70,0.6870,4.353,0.000,68.70,68.70,0.00,0,0,-3.44299,68.70,68.70,0.00,0,0,68.70,0.00,0.00,0.00,0.00,1.000,1.000,0.00,0,255.00,1,68.54,68.62,-0.08,9.014,9.013,4.344,4.330,0.001,0.000,0.002,68.70,69,-0.1385,11456,2618.72,2643.04,1365,1593,0
171681,8.999,9.007,9.000,9.000,9.000,9.000,0.000,68.77,0.6877,4.353,0.000,68.77,68.77,0.00,0,0,-3.44233,68.77,68.77,0.00,0,0,68.77,0.00,0.00,0.00,0.00,1.000,1.000,0.00,0,255.00,1,68.69,68.73,-0.04,9.006,9.005,4.355,4.387,-0.008,-0.000,0.000,68.77,69,0.1705,9652,3108.16,2720.06,1375,1604,0
171781,9.004,9.005,9.000,9.000,9.000,9.000,0.000,68.78,0.6878,4.353,0.000,68.78,68.78,0.00,0,0,-3.44146,68.78,68.78,0.00,0,0,68.78,0.00,0.00,0.00,0.00,1.000,1.000,0.00,0,255.00,1,68.77,68.79,-0.03,9.004,9.003,4.363,4.391,-0.000,-0.000,0.000,68.78,69,0.1793,12170,2465.08,2515.81,1386,1610,0
171912,9.020,9.012,9.000,9.000,9.000,9.000,0.000,68.67,0.6867,4.355,0.000,68.67,68.67,0.00,0,0,-3.44028,68.67,68.67,0.00,0,0,68.67,0.00,0.00,0.00,0.00,1.000,1.000,0.00,0,255.00,1,68.67,68.74,-0.07,9.012,9.011,4.363,4.287,0.009,0.000,0.001,68.67,69,-0.0784,12129,2473.41,2572.66,1394,1617,0
172045,9.012,9.011,9.000,9.000,9.000,9.000,0.000,68.65,0.6865,4.351,0.000,68.65,68.65,0.00,0,0,-3.43888,68.65,68.65,0.00,0,0,68.65,0.00,0.00,0.00,0.00,1.000,1.000,0.00,0,255.00,1,68.51,68.58,-0.07,9.011,9.012,4.343,4.317,0.000,0.000,0.001,68.65,69,-0.4539,10827,2770.85,2561.51,1404,1631,0
172181,9.002,9.002,9.000,9.000,9.000,9.000,0.000,68.75,0.6875,4.354,0.000,68.75,68.75,0.00,0,0,-3.43860,68.75,68.75,0.00,0,0,68.75,0.00,0.00,0.00,0.00,1.000,1.000,0.00,0,255.00,1,68.79,68.80,-0.01,9.001,9.000,4.365,4.383,0.001,-0.000,0.000,68.75,68,0.3048,10802,2777.26,2695.69,1414,1637,0
172314,9.030,9.017,9.000,9.000,9.000,9.000,0.000,68.56,0.6856,4.352,0.000,68.56,68.56,0.00,0,0,-3.43778,68.56,68.56,0.00,0,0,68.56,0.00,0.00,0.00,0.00,1.000,1.000,0.00,0,255.00,1,68.47,68.57,-0.11,9.018,9.018,4.349,4.237,0.014,0.001,0.003,68.56,68,0.2890,10767,2786.29,2708.16,1424,1651,0
172444,9.008,9.013,9.000,9.000,9.000,9.000,0.000,68.58,0.6858,4.348,0.000,68.58,68.58,0.00,0,0,-3.43647,68.58,68.58,0.00,0,0,68.58,0.00,0.00,0.00,0.00,1.000,1.000,0.00,0,255.00,1,68.37,68.45,-0.08,9.014,9.015,4.330,4.306,-0.006,0.000,0.002,68.58,69,0.0071,11327,2648.54,2657.47,1435,1663,0
172585,9.019,9.019,9.000,9.000,9.000,9.000,0.000,68.48,0.6848,4.342,0.000,68.48,68.48,0.00,0,0,-3.43469,68.48,68.48,0.00,0,0,68.48,0.00,0.00,0.00,0.00,1.000,1.000,0.00,0,255.00,1,68.15,68.26,-0.12,9.019,9.021,4.311,4.281,0.000,0.000,0.005,68.48,68,0.4494,10466,2866.42,2683.95,1446,1669,0
172713,9.012,9.007,9.000,9.000,9.000,9.000,0.000,68.60,0.6860,4.343,0.000,68.60,68.60,0.00,0,0,-3.43412,68.60,68.60,0.00,0,0,68.60,0.00,0.00,0.00,0.00,1.000,1.000,0.00,0,255.00,1,68.46,68.50,-0.04,9.007,9.007,4.335,4.374,0.005,-0.000,0.001,68.60,68,0.2933,11529,2602.13,2654.26,1457,1674,0
172813,9.030,9.023,9.000,9.000,9.000,9.000,0.000,68.40,0.6840,4.340,0.000,68.40,68.40,0.00,0,0,-3.43298,68.40,68.40,0.00,0,0,68.40,0.00,0.00,0.00,0.00,1.000,1.000,0.00,0,255.00,1,68.15,68.29,-0.14,9.023,9.024,4.320,4.234,0.007,0.001,0.005,68.40,68,0.1931,10316,2908.10,2717.23,1464,1682,0
172942,8.995,9.004,9.000,9.000,9.000,9.000,0.000,68.59,0.6859,4.339,0.000,68.59,68.59,0.00,0,0,-3.43200,68.59,68.59,0.00,0,0,68.59,0.00,0.00,0.00,0.00,1.000,1.000,0.00,0,255.00,1,68.44,68.47,-0.03,9.004,9.003,4.331,4.413,-0.010,-0.000,0.000,68.59,69,-0.2448,11334,2646.90,2677.55,1474,1693,0
173079,9.014,9.009,9.000,9.000,9.000,9.000,0.000,68.52,0.6852,4.339,0.000,68.52,68.52,0.00,0,0,-3.43128,68.52,68.52,0.00,0,0,68.52,0.00,0.00,0.00,0.00,1.000,1.000,0.00,0,255.00,1,68.44,68.50,-0.05,9.009,9.008,4.341,4.347,0.006,-0.000,0.001,68.52,68,0.3735,10582,2835.00,2736.31,1484,1710,0
173206,9.022,9.011,9.000,9.000,9.000,9.000,0.000,68.50,0.6850,4.340,0.000,68.50,68.50,0.00,0,0,-3.43092,68.50,68.50,0.00,0,0,68.50,0.00,0.00,0.00,0.00,1.000,1.000,0.00,0,255.00,1,68.50,68.56,-0.06,9.010,9.009,4.352,4.312,0.013,0.000,0.001,68.50,68,0.1040,11947,2511.09,2668.58,1494,1717,0
173343,8.998,9.005,9.000,9.000,9.000,9.000,0.000,68.55,0.6855,4.339,0.000,68.55,68.55,0.00,0,0,-3.43013,68.55,68.55,0.00,0,0,68.55,0.00,0.00,0.00,0.00,1.000,1.000,0.00,0,255.00,1,68.53,68.55,-0.03,9.005,9.004,4.347,4.370,-0.008,-0.000,0.000,68.55,69,-0.3718,11430,2624.67,2654.51,1505,1728,0
173473,9.013,9.009,9.000,9.000,9.000,9.000,0.000,68.49,0.6849,4.340,0.000,68.49,68.49,0.00,0,0,-3.42971,68.49,68.49,0.00,0,0,68.49,0.00,0.00,0.00,0.00,1.000,1.000,0.00,0,255.00,1,68.50,68.55,-0.05,9.009,9.007,4.350,4.319,0.005,0.000,0.000,68.49,68,0.2629,11071,2709.78,2564.41,1516,1738,0
173607,9.005,9.005,9.000,9.000,9.000,9.000,0.000,68.51,0.6851,4.340,0.000,68.51,68.51,0.00,0,0,-3.42811,68.51,68.51,0.00,0,0,68.51,0.00,0.00,0.00,0.00,1.000,1.000,0.00,0,255.00,1,68.52,68.54,-0.03,9.004,9.003,4.348,4.345,0.000,-0.000,0.000,68.51,68,0.4120,11056,2713.46,2698.25,1526,1753,0
173738,8.999,9.002,9.000,9.000,9.000,9.000,0.000,68.53,0.6853,4.339,0.000,68.53,68.53,0.00,0,0,-3.42738,68.53,68.53,0.00,0,0,68.53,0.00,0.00,0.00,0.00,1.000,1.000,0.00,0,255.00,1,68.53,68.54,-0.01,9.002,9.001,4.347,4.369,-0.003,-0.000,0.000,68.53,69,-0.1001,11401,2631.35,2639.15,1537,1766,0
173838,8.995,9.002,9.000,9.000,9.000,9.000,0.000,68.51,0.6851,4.339,0.000,68.51,68.51,0.00,0,0,-3.42699,68.51,68.51,0.00,0,0,68.51,0.00,0.00,0.00,0.00,1.000,1.000,0.00,0,255.00,1,68.50,68.51,-0.01,9.002,9.002,4.343,4.368,-0.008,-0.000,0.000,68.51,69,-0.1679,12575,2385.69,2599.52,1544,1776,0
173966,9.021,9.016,9.000,9.000,9.000,9.000,0.000,68.32,0.6832,4.334,0.000,68.32,68.32,0.00,0,0,-3.42559,68.32,68.32,0.00,0,0,68.32,0.00,0.00,0.00,0.00,1.000,1.000,0.00,0,255.00,1,68.13,68.23,-0.10,9.017,9.018,4.318,4.256,0.005,0.001,0.003,68.32,68,-0.1339,11140,2693.00,2608.89,1555,1790,0
174098,8.995,9.007,9.000,9.000,9.000,9.000,0.000,68.41,0.6841,4.332,0.000,68.41,68.41,0.00,0,0,-3.42440,68.41,68.41,0.00,0,0,68.41,0.00,0.00,0.00,0.00,1.000,1.000,0.00,0,255.00,1,68.20,68.24,-0.04,9.007,9.007,4.314,4.366,-0.013,-0.000,0.001,68.41,69,-0.1038,11094,2704.16,2630.66,1565,1803,0
174227,8.993,8.998,9.000,9.000,9.000,9.000,0.000,68.50,0.6850,4.333,0.000,68.50,68.50,0.00,0,0,-3.42405,68.50,68.50,0.00,0,0,68.50,0.00,0.00,0.00,0.00,1.000,1.000,0.00,0,255.00,1,68.51,68.49,0.01,8.998,8.997,4.342,4.421,-0.005,-0.000,0.000,68.50,69,-0.3080,10345,2899.95,2682.03,1575,1813,0
174363,9.013,9.012,9.000,9.000,9.000,9.000,0.000,68.29,0.6829,4.328,0.000,68.29,68.29,0.00,0,0,-3.42147,68.29,68.29,0.00,0,0,68.29,0.00,0.00,0.00,0.00,1.000,1.000,0.00,0,255.00,1,68.12,68.20,-0.08,9.013,9.013,4.317,4.303,0.000,0.000,0.002,68.29,68,-0.1284,11195,2679.77,2618.14,1586,1825,0
174491,9.016,9.015,9.000,9.000,9.000,9.000,0.000,68.24,0.6824,4.326,0.000,68.24,68.24,0.00,0,0,-3.42045,68.24,68.24,0.00,0,0,68.24,0.00,0.00,0.00,0.00,1.000,1.000,0.00,0,255.00,1,68.06,68.15,-0.09,9.015,9.016,4.314,4.279,0.001,0.000,0.002,68.24,68,-0.2603,10367,2893.80,2688.43,1596,1837,0
174626,8.990,8.999,9.000,9.000,9.000,9.000,0.000,68.41,0.6841,4.327,0.000,68.41,68.41,0.00,0,0,-3.42003,68.41,68.41,0.00,0,0,68.41,0.00,0.00,0.00,0.00,1.000,1.000,0.00,0,255.00,1,68.38,68.37,0.01,8.999,8.997,4.332,4.419,-0.010,-0.000,0.000,68.41,69,-0.2158,10305,2911.21,2795.17,1605,1847,0
174755,9.005,9.003,9.000,9.000,9.000,9.000,0.000,68.36,0.6836,4.327,0.000,68.36,68.36,0.00,0,0,-3.41964,68.36,68.36,0.00,0,0,68.36,0.00,0.00,0.00,0.00,1.000,1.000,0.00,0,255.00,1,68.38,68.40,-0.02,9.003,9.001,4.339,4.360,0.002,-0.000,0.000,68.36,69,-0.1770,11776,2547.55,2716.59,1616,1863,0
174855,8.995,8.995,9.000,9.000,9.000,9.000,0.000,68.48,0.6848,4.336,0.000,68.48,68.48,0.00,0,0,-3.42080,68.48,68.48,0.00,0,0,68.48,0.00,0.00,0.00,0.00,1.000,1.000,0.00,0,255.00,1,68.73,68.69,0.04,8.994,8.990,4.372,4.376,0.001,-0.001,0.001,68.48,68,0.0994,10432,2875.77,2778.09,1626,1872,0
174986,9.014,9.010,9.000,9.000,9.000,9.000,0.000,68.31,0.6831,4.336,0.000,68.31,68.31,0.00,0,0,-3.42083,68.31,68.31,0.00,0,0,68.31,0.00,0.00,0.00,0.00,1.000,1.000,0.00,0,255.00,1,68.36,68.41,-0.06,9.010,9.009,4.346,4.236,0.005,0.000,0.001,68.31,68,0.2176,11206,2677.14,2772.25,1633,1884,0
175123,9.003,9.010,9.000,9.000,9.000,9.000,0.000,68.29,0.6829,4.332,0.000,68.29,68.29,0.00,0,0,-3.41986,68.29,68.29,0.00,0,0,68.29,0.00,0.00,0.00,0.00,1.000,1.000,0.00,0,255.00,1,68.15,68.21,-0.06,9.010,9.010,4.318,4.276,-0.008,0.000,0.001,68.29,68,0.0612,9257,3240.79,2845.02,1643,1895,0
175255,9.013,9.009,9.000,9.000,9.000,9.000,0.000,68.28,0.6828,4.330,0.000,68.28,68.28,0.00,0,0,-3.41910,68.28,68.28,0.00,0,0,68.28,0.00,0.00,0.00,0.00,1.000,1.000,0.00,0,255.00,1,68.11,68.17,-0.05,9.009,9.009,4.313,4.297,0.004,0.000,0.001,68.28,68,-0.0663,10124,2963.26,2886.24,1654,1904,0
175391,9.004,9.008,9.000,9.000,9.000,9.000,0.000,68.28,0.6828,4.328,0.000,68.28,68.28,0.00,0,0,-3.41831,68.28,68.28,0.00,0,0,68.28,0.00,0.00,0.00,0.00,1.000,1.000,0.00,0,255.00,1,68.10,68.14,-0.05,9.008,9.008,4.310,4.318,-0.005,0.000,0.001,68.28,69,-0.2531,11138,2693.48,2767.60,1664,1915,0
175520,9.013,9.014,9.000,9.000,9.000,9.000,0.000,68.19,0.6819,4.326,0.000,68.19,68.19,0.00,0,0,-3.41741,68.19,68.19,0.00,0,0,68.19,0.00,0.00,0.00,0.00,1.000,1.000,0.00,0,255.00,1,67.98,68.06,-0.08,9.014,9.015,4.305,4.268,-0.001,0.000,0.002,68.19,68,0.4778,10393,2886.56,2826.47,1675,1925,0
175655,9.020,9.011,9.000,9.000,9.000,9.000,0.000,68.21,0.6821,4.325,0.000,68.21,68.21,0.00,0,0,-3.41678,68.21,68.21,0.00,0,0,68.21,0.00,0.00,0.00,0.00,1.000,1.000,0.00,0,255.00,1,68.06,68.13,-0.07,9.011,9.011,4.312,4.292,0.010,0.000,0.001,68.21,68,0.2593,12855,2333.72,2652.86,1685,1941,0
175788,9.006,9.005,9.000,9.000,9.000,9.000,0.000,68.25,0.6825,4.326,0.000,68.25,68.25,0.00,0,0,-3.41563,68.25,68.25,0.00,0,0,68.25,0.00,0.00,0.00,0.00,1.000,1.000,0.00,0,255.00,1,68.25,68.28,-0.03,9.005,9.004,4.331,4.311,0.001,-0.000,0.000,68.25,68,0.0352,10478,2863.14,2870.09,1695,1948,0
175922,8.999,9.000,9.000,9.000,9.000,9.000,0.000,68.31,0.6831,4.327,0.000,68.31,68.31,0.00,0,0,-3.41550,68.31,68.31,0.00,0,0,68.31,0.00,0.00,0.00,0.00,1.000,1.000,0.00,0,255.00,1,68.34,68.34,-0.00,9.000,8.999,4.336,4.348,-0.002,-0.000,0.000,68.31,68,0.2308,12676,2366.68,2776.96,1705,1963,0
176051,9.019,9.010,9.000,9.000,9.000,9.000,0.000,68.19,0.6819,4.326,0.000,68.19,68.19,0.00,0,0,-3.41506,68.19,68.19,0.00,0,0,68.19,0.00,0.00,0.00,0.00,1.000,1.000,0.00,0,255.00,1,68.15,68.21,-0.06,9.010,9.010,4.326,4.259,0.010,0.000,0.001,68.19,68,-0.0211,11837,2534.43,2715.21,1716,1978,0
176191,9.008,9.005,9.000,9.000,9.000,9.000,0.000,68.24,0.6824,4.326,0.000,68.24,68.24,0.00,0,0,-3.41484,68.24,68.24,0.00,0,0,68.24,0.00,0.00,0.00,0.00,1.000,1.000,0.00,0,255.00,1,68.21,68.24,-0.03,9.005,9.004,4.327,4.304,0.003,-0.000,0.000,68.24,68,-0.2057,11076,2708.56,2717.73,1726,1992,0
176320,9.004,9.005,9.000,9.000,9.000,9.000,0.000,68.23,0.6823,4.324,0.000,68.23,68.23,0.00,0,0,-3.41403,68.23,68.23,0.00,0,0,68.23,0.00,0.00,0.00,0.00,1.000,1.000,0.00,0,255.00,1,68.13,68.16,-0.03,9.005,9.005,4.316,4.326,-0.001,-0.000,0.000,68.23,68,0.3362,11761,2550.80,2720.94,1737,2005,0
176420,8.999,9.004,9.000,9.000,9.000,9.000,0.000,68.23,0.6823,4.323,0.000,68.23,68.23,0.00,0,0,-3.41365,68.23,68.23,0.00,0,0,68.23,0.00,0.00,0.00,0.00,1.000,1.000,0.00,0,255.00,1,68.13,68.16,-0.02,9.004,9.003,4.315,4.338,-0.005,-0.000,0.000,68.23,68,-0.2607,10930,2744.74,2708.76,1744,2013,0
176549,9.005,9.005,9.000,9.000,9.000,9.000,0.000,68.19,0.6819,4.321,0.000,68.19,68.19,0.00,0,0,-3.41260,68.19,68.19,0.00,0,0,68.19,0.00,0.00,0.00,0.00,1.000,1.000,0.00,0,255.00,1,68.10,68.13,-0.03,9.005,9.005,4.315,4.325,-0.000,-0.000,0.000,68.19,69,-0.3643,11603,2585.54,2652.47,1755,2025,0
176686,9.020,9.016,9.000,9.000,9.000,9.000,0.000,68.05,0.6805,4.318,0.000,68.05,68.05,0.00,0,0,-3.41152,68.05,68.05,0.00,0,0,68.05,0.00,0.00,0.00,0.00,1.000,1.000,0.00,0,255.00,1,67.85,67.95,-0.10,9.016,9.017,4.300,4.235,0.004,0.000,0.003,68.05,68,-0.0569,11092,2704.65,2747.19,1765,2041,0
176815,8.992,9.002,9.000,9.000,9.000,9.000,0.000,68.19,0.6819,4.316,0.000,68.19,68.19,0.00,0,0,-3.41071,68.19,68.19,0.00,0,0,68.19,0.00,0.00,0.00,0.00,1.000,1.000,0.00,0,255.00,1,68.04,68.06,-0.01,9.002,9.002,4.305,4.376,-0.012,-0.000,0.000,68.19,68,0.2904,12135,2472.19,2761.89,1776,2052,0
176951,8.998,9.004,9.000,9.000,9.000,9.000,0.000,68.14,0.6814,4.314,0.000,68.14,68.14,0.00,0,0,-3.40957,68.14,68.14,0.00,0,0,68.14,0.00,0.00,0.00,0.00,1.000,1.000,0.00,0,255.00,1,68.02,68.04,-0.03,9.004,9.003,4.307,4.356,-0.007,-0.000,0.000,68.14,68,-0.3501,9295,3227.54,2668.51,1786,2065,0
177086,9.014,9.008,9.000,9.000,9.000,9.000,0.000,68.09,0.6809,4.315,0.000,68.09,68.09,0.00,0,0,-3.40916,68.09,68.09,0.00,0,0,68.09,0.00,0.00,0.00,0.00,1.000,1.000,0.00,0,255.00,1,68.07,68.12,-0.05,9.008,9.007,4.321,4.297,0.007,0.000,0.000,68.09,68,0.2427,11348,2643.64,2665.29,1797,2077,0
177219,9.000,9.005,9.000,9.000,9.000,9.000,0.000,68.11,0.6811,4.314,0.000,68.11,68.11,0.00,0,0,-3.40857,68.11,68.11,0.00,0,0,68.11,0.00,0.00,0.00,0.00,1.000,1.000,0.00,0,255.00,1,68.08,68.11,-0.03,9.005,9.004,4.317,4.327,-0.006,-0.000,0.000,68.11,69,-0.4556,13430,2233.80,2515.93,1808,2091,0
177350,9.014,9.012,9.000,9.000,9.000,9.000,0.000,67.99,0.6799,4.310,0.000,67.99,67.99,0.00,0,0,-3.40634,67.99,67.99,0.00,0,0,67.99,0.00,0.00,0.00,0.00,1.000,1.000,0.00,0,255.00,1,67.84,67.91,-0.07,9.012,9.012,4.300,4.279,0.002,0.000,0.001,67.99,68,-0.2849,9673,3101.42,2599.10,1818,2110,0
177486,9.010,9.013,9.000,9.000,9.000,9.000,0.000,67.95,0.6795,4.305,0.000,67.95,67.95,0.00,0,0,-3.40478,67.95,67.95,0.00,0,0,67.95,0.00,0.00,0.00,0.00,1.000,1.000,0.00,0,255.00,1,67.71,67.79,-0.08,9.013,9.014,4.285,4.293,-0.004,0.000,0.002,67.95,68,0.4357,9455,3172.92,2815.61,1828,2124,0
177615,9.009,9.011,9.000,9.000,9.000,9.000,0.000,67.95,0.6795,4.305,0.000,67.95,67.95,0.00,0,0,-3.40402,67.95,67.95,0.00,0,0,67.95,0.00,0.00,0.00,0.00,1.000,1.000,0.00,0,255.00,1,67.80,67.86,-0.07,9.011,9.011,4.295,4.299,-0.002,0.000,0.001,67.95,68,0.4055,10362,2895.19,2695.84,1839,2134,0
177715,9.004,9.004,9.000,9.000,9.000,9.000,0.000,68.02,0.6802,4.306,0.000,68.02,68.02,0.00,0,0,-3.40340,68.02,68.02,0.00,0,0,68.02,0.00,0.00,0.00,0.00,1.000,1.000,0.00,0,255.00,1,68.03,68.05,-0.02,9.004,9.003,4.317,4.334,0.000,-0.000,0.000,68.02,68,-0.4640,11955,2509.41,2570.50,1846,2143,0
177847,8.997,9.001,9.000,9.000,9.000,9.000,0.000,68.05,0.6805,4.308,0.000,68.05,68.05,0.00,0,0,-3.40317,68.05,68.05,0.00,0,0,68.05,0.00,0.00,0.00,0.00,1.000,1.000,0.00,0,255.00,1,68.11,68.12,-0.01,9.001,9.000,4.324,4.350,-0.004,-0.000,0.000,68.05,68,-0.3563,11107,2701.00,2596.85,1857,2156,0
177984,9.030,9.021,9.000,9.000,9.000,9.000,0.000,67.77,0.6777,4.301,0.000,67.77,67.77,0.00,0,0,-3.40048,67.77,67.77,0.00,0,0,67.77,0.00,0.00,0.00,0.00,1.000,1.000,0.00,0,255.00,1,67.55,67.68,-0.13,9.021,9.023,4.284,4.192,0.010,0.001,0.005,67.77,68,-0.1376,11572,2592.46,2735.59,1867,2171,0
178112,9.026,9.020,9.000,9.000,9.000,9.000,0.000,67.76,0.6776,4.297,0.000,67.76,67.76,0.00,0,0,-3.39902,67.76,67.76,0.00,0,0,67.76,0.00,0.00,0.00,0.00,1.000,1.000,0.00,0,255.00,1,67.48,67.60,-0.12,9.020,9.022,4.274,4.223,0.006,0.001,0.004,67.76,67,0.2766,9841,3048.47,2836.81,1877,2183,0
178247,8.998,9.003,9.000,9.000,9.000,9.000,0.000,67.89,0.6789,4.295,0.000,67.89,67.89,0.00,0,0,-3.39628,67.89,67.89,0.00,0,0,67.89,0.00,0.00,0.00,0.00,1.000,1.000,0.00,0,255.00,1,67.85,67.87,-0.02,9.003,9.002,4.302,4.353,-0.006,-0.000,0.000,67.89,68,-0.2900,12504,2399.23,2982.16,1888,2196,0
178379,8.995,8.997,9.000,9.000,9.000,9.000,0.000,67.95,0.6795,4.297,0.000,67.95,67.95,0.00,0,0,-3.39604,67.95,67.95,0.00,0,0,67.95,0.00,0.00,0.00,0.00,1.000,1.000,0.00,0,255.00,1,68.03,68.01,0.02,8.997,8.996,4.317,4.390,-0.003,-0.000,0.000,67.95,68,0.3758,9441,3177.63,2964.54,1898,2204,0
178513,9.017,9.013,9.000,9.000,9.000,9.000,0.000,67.76,0.6776,4.296,0.000,67.76,67.76,0.00,0,0,-3.39529,67.76,67.76,0.00,0,0,67.76,0.00,0.00,0.00,0.00,1.000,1.000,0.00,0,255.00,1,67.74,67.82,-0.08,9.013,9.013,4.304,4.239,0.004,0.000,0.001,67.76,68,-0.1738,10544,2845.22,2852.82,1909,2216,0
178642,8.996,9.005,9.000,9.000,9.000,9.000,0.000,67.83,0.6783,4.295,0.000,67.83,67.83,0.00,0,0,-3.39462,67.83,67.83,0.00,0,0,67.83,0.00,0.00,0.00,0.00,1.000,1.000,0.00,0,255.00,1,67.80,67.83,-0.03,9.005,9.005,4.300,4.316,-0.010,0.000,0.000,67.83,68,0.2644,10355,2897.15,2866.33,1919,2232,0
178743,9.017,9.011,9.000,9.000,9.000,9.000,0.000,67.74,0.6774,4.295,0.000,67.74,67.74,0.00,0,0,-3.39338,67.74,67.74,0.00,0,0,67.74,0.00,0.00,0.00,0.00,1.000,1.000,0.00,0,255.00,1,67.71,67.77,-0.07,9.011,9.011,4.299,4.243,0.007,0.000,0.001,67.74,68,-0.1693,9731,3082.93,3044.59,1926,2237,0
178875,9.004,9.009,9.000,9.000,9.000,9.000,0.000,67.74,0.6774,4.292,0.000,67.74,67.74,0.00,0,0,-3.39219,67.74,67.74,0.00,0,0,67.74,0.00,0.00,0.00,0.00,1.000,1.000,0.00,0,255.00,1,67.60,67.65,-0.06,9.009,9.010,4.283,4.285,-0.006,0.000,0.001,67.74,68,-0.0742,12245,2449.98,2746.57,1937,2250,0
179012,9.017,9.013,9.000,9.000,9.000,9.000,0.000,67.67,0.6767,4.289,0.000,67.67,67.67,0.00,0,0,-3.39100,67.67,67.67,0.00,0,0,67.67,0.00,0.00,0.00,0.00,1.000,1.000,0.00,0,255.00,1,67.47,67.56,-0.08,9.014,9.015,4.274,4.254,0.004,0.000,0.002,67.67,68,-0.0471,13012,2305.56,2519.91,1946,2259,0
179140,9.017,9.006,9.000,9.000,9.000,9.000,0.000,67.75,0.6775,4.291,0.000,67.75,67.75,0.00,0,0,-3.39096,67.75,67.75,0.00,0,0,67.75,0.00,0.00,0.00,0.00,1.000,1.000,0.00,0,255.00,1,67.74,67.77,-0.04,9.006,9.006,4.299,4.294,0.012,0.000,0.000,67.75,67,0.4000,12739,2354.97,2591.39,1957,2273,0
179240,9.000,9.000,9.000,9.000,9.000,9.000,0.000,67.81,0.6781,4.293,0.000,67.81,67.81,0.00,0,0,-3.39080,67.81,67.81,0.00,0,0,67.81,0.00,0.00,0.00,0.00,1.000,1.000,0.00,0,255.00,1,67.89,67.89,-0.00,9.000,9.000,4.310,4.330,-0.000,0.000,0.000,67.81,68,-0.3940,12525,2395.21,2548.74,1967,2284,0
179340,9.017,9.012,9.000,9.000,9.000,9.000,0.000,67.66,0.6766,4.296,0.000,67.66,67.66,0.00,0,0,-3.38975,67.66,67.66,0.00,0,0,67.66,0.00,0.00,0.00,0.00,1.000,1.000,0.00,0,255.00,1,67.54,67.61,-0.07,9.012,9.013,4.283,4.201,0.006,0.001,0.002,67.66,68,-0.1296,13354,2246.52,2365.47,1971,2290,0
179473,9.023,9.021,9.000,9.000,9.000,9.000,0.000,67.52,0.6752,4.291,0.000,67.52,67.52,0.00,0,0,-3.38835,67.52,67.52,0.00,0,0,67.52,0.00,0.00,0.00,0.00,1.000,1.000,0.00,0,255.00,1,67.20,67.33,-0.13,9.022,9.024,4.254,4.149,0.002,0.001,0.006,67.52,68,-0.3280,10462,2867.52,2453.87,1981,2305,0
179606,8.992,9.000,9.000,9.000,9.000,9.000,0.000,67.75,0.6775,4.289,0.000,67.75,67.75,0.00,0,0,-3.38770,67.75,67.75,0.00,0,0,67.75,0.00,0.00,0.00,0.00,1.000,1.000,0.00,0,255.00,1,67.55,67.55,-0.00,9.001,9.001,4.267,4.358,-0.009,-0.000,0.000,67.75,68,-0.3074,10899,2752.55,2612.16,1992,2314,0
179741,8.996,8.999,9.000,9.000,9.000,9.000,0.000,67.77,0.6777,4.290,0.000,67.77,67.77,0.00,0,0,-3.38757,67.77,67.77,0.00,0,0,67.77,0.00,0.00,0.00,0.00,1.000,1.000,0.00,0,255.00,1,67.71,67.70,0.01,8.999,8.998,4.287,4.354,-0.003,-0.000,0.000,67.77,68,-0.1019,13277,2259.55,2392.88,2002,2326,0
179875,9.013,9.012,9.000,9.000,9.000,9.000,0.000,67.60,0.6760,4.290,0.000,67.60,67.60,0.00,0,0,-3.38663,67.60,67.60,0.00,0,0,67.60,0.00,0.00,0.00,0.00,1.000,1.000,0.00,0,255.00,1,67.51,67.58,-0.07,9.012,9.012,4.283,4.216,0.002,0.000,0.001,67.60,68,-0.0028,10351,2898.27,2956.79,2012,2336,0
180008,9.008,9.013,9.000,9.000,9.000,9.000,0.000,67.56,0.6756,4.286,0.000,67.56,67.56,0.00,0,0,-3.38553,67.56,67.56,0.00,0,0,67.56,0.00,0.00,0.00,0.00,1.000,1.000,0.00,0,255.00,1,67.36,67.43,-0.08,9.013,9.014,4.265,4.230,-0.005,0.000,0.002,67.56,68,-0.2689,11015,2723.56,2702.23,2022,2348,0
180137,9.003,9.012,9.000,9.000,9.000,9.000,0.000,67.53,0.6753,4.280,0.000,67.53,67.53,0.00,0,0,-3.38382,67.53,67.53,0.00,0,0,67.53,0.00,0.00,0.00,0.00,1.000,1.000,0.00,0,255.00,1,67.21,67.28,-0.08,9.013,9.013,4.246,4.271,-0.011,0.000,0.003,67.53,67,0.1323,9522,3150.60,2763.49,2032,2359,0
180276,9.013,9.006,9.000,9.000,9.000,9.000,0.000,67.60,0.6760,4.281,0.000,67.60,67.60,0.00,0,0,-3.38345,67.60,67.60,0.00,0,0,67.60,0.00,0.00,0.00,0.00,1.000,1.000,0.00,0,255.00,1,67.47,67.50,-0.04,9.006,9.005,4.272,4.305,0.007,-0.000,0.000,67.60,68,0.0076,9354,3207.18,3001.14,2042,2371,0
180407,9.004,9.004,9.000,9.000,9.000,9.000,0.000,67.60,0.6760,4.281,0.000,67.60,67.60,0.00,0,0,-3.38263,67.60,67.60,0.00,0,0,67.60,0.00,0.00,0.00,0.00,1.000,1.000,0.00,0,255.00,1,67.58,67.60,-0.02,9.004,9.002,4.286,4.304,0.000,-0.000,0.000,67.60,68,-0.0184,11718,2560.16,2664.80,2053,2390,0
180543,9.007,9.007,9.000,9.000,9.000,9.000,0.000,67.55,0.6755,4.280,0.000,67.55,67.55,0.00,0,0,-3.38172,67.55,67.55,0.00,0,0,67.55,0.00,0.00,0.00,0.00,1.000,1.000,0.00,0,255.00,1,67.51,67.55,-0.04,9.007,9.006,4.283,4.273,0.000,-0.000,0.000,67.55,68,-0.1538,11340,2645.50,2644.45,2064,2399,0
180676,9.004,9.007,9.000,9.000,9.000,9.000,0.000,67.53,0.6753,4.278,0.000,67.53,67.53,0.00,0,0,-3.38070,67.53,67.53,0.00,0,0,67.53,0.00,0.00,0.00,0.00,1.000,1.000,0.00,0,255.00,1,67.43,67.47,-0.04,9.007,9.006,4.272,4.287,-0.004,-0.000,0.000,67.53,67,0.3113,11782,2546.26,2557.45,2074,2411,0
180811,9.008,9.010,9.000,9.000,9.000,9.000,0.000,67.47,0.6747,4.275,0.000,67.47,67.47,0.00,0,0,-3.37953,67.47,67.47,0.00,0,0,67.47,0.00,0.00,0.00,0.00,1.000,1.000,0.00,0,255.00,1,67.31,67.37,-0.06,9.010,9.011,4.263,4.269,-0.002,0.000,0.001,67.47,68,-0.3472,11653,2574.44,2547.27,2085,2425,0
180940,9.022,9.016,9.000,9.000,9.000,9.000,0.000,67.39,0.6739,4.274,0.000,67.39,67.39,0.00,0,0,-3.37865,67.39,67.39,0.00,0,0,67.39,0.00,0.00,0.00,0.00,1.000,1.000,0.00,0,255.00,1,67.22,67.32,-0.10,9.016,9.017,4.263,4.210,0.006,0.000,0.002,67.39,67,0.0583,10652,2816.37,2682.39,2095,2440,0
181079,9.002,9.008,9.000,9.000,9.000,9.000,0.000,67.46,0.6746,4.272,0.000,67.46,67.46,0.00,0,0,-3.37779,67.46,67.46,0.00,0,0,67.46,0.00,0.00,0.00,0.00,1.000,1.000,0.00,0,255.00,1,67.33,67.38,-0.05,9.008,9.008,4.265,4.285,-0.007,0.000,0.001,67.46,67,0.4164,11121,2697.60,2590.36,2105,2453,0
181208,8.997,9.003,9.000,9.000,9.000,9.000,0.000,67.51,0.6751,4.273,0.000,67.51,67.51,0.00,0,0,-3.37732,67.51,67.51,0.00,0,0,67.51,0.00,0.00,0.00,0.00,1.000,1.000,0.00,0,255.00,1,67.47,67.49,-0.02,9.003,9.002,4.277,4.321,-0.006,-0.000,0.000,67.51,68,-0.1150,10541,2846.03,2741.38,2116,2462,0
181344,9.031,9.022,9.000,9.000,9.000,9.000,0.000,67.27,0.6727,4.270,0.000,67.27,67.27,0.00,0,0,-3.37616,67.27,67.27,0.00,0,0,67.27,0.00,0.00,0.00,0.00,1.000,1.000,0.00,0,255.00,1,67.11,67.24,-0.13,9.022,9.023,4.260,4.150,0.011,0.001,0.004,67.27,67,0.0411,10538,2846.84,2792.74,2126,2474,0
181474,9.021,9.016,9.000,9.000,9.000,9.000,0.000,67.31,0.6731,4.267,0.000,67.31,67.31,0.00,0,0,-3.37484,67.31,67.31,0.00,0,0,67.31,0.00,0.00,0.00,0.00,1.000,1.000,0.00,0,255.00,1,67.10,67.20,-0.10,9.016,9.017,4.252,4.221,0.006,0.000,0.003,67.31,67,0.0471,10162,2952.17,2778.23,2136,2483,0
181574,9.006,9.007,9.000,9.000,9.000,9.000,0.000,67.41,0.6741,4.267,0.000,67.41,67.41,0.00,0,0,-3.37442,67.41,67.41,0.00,0,0,67.41,0.00,0.00,0.00,0.00,1.000,1.000,0.00,0,255.00,1,67.29,67.33,-0.04,9.007,9.006,4.262,4.303,-0.001,-0.000,0.000,67.41,68,-0.1342,14695,2041.51,2594.74,2143,2490,0
181706,9.015,9.013,9.000,9.000,9.000,9.000,0.000,67.32,0.6732,4.267,0.000,67.32,67.32,0.00,0,0,-3.37365,67.32,67.32,0.00,0,0,67.32,0.00,0.00,0.00,0.00,1.000,1.000,0.00,0,255.00,1,67.22,67.30,-0.08,9.013,9.012,4.265,4.232,0.003,0.000,0.001,67.32,67,0.0128,10934,2743.74,2638.32,2153,2508,0
181841,9.005,9.011,9.000,9.000,9.000,9.000,0.000,67.32,0.6732,4.264,0.000,67.32,67.32,0.00,0,0,-3.37249,67.32,67.32,0.00,0,0,67.32,0.00,0.00,0.00,0.00,1.000,1.000,0.00,0,255.00,1,67.17,67.24,-0.07,9.011,9.011,4.257,4.256,-0.007,0.000,0.001,67.32,67,-0.0594,10967,2735.48,2648.84,2164,2522,0
181973,9.015,9.009,9.000,9.000,9.000,9.000,0.000,67.33,0.6733,4.265,0.000,67.33,67.33,0.00,0,0,-3.37195,67.33,67.33,0.00,0,0,67.33,0.00,0.00,0.00,0.00,1.000,1.000,0.00,0,255.00,1,67.27,67.33,-0.06,9.009,9.009,4.268,4.261,0.006,0.000,0.001,67.33,67,0.0618,11028,2720.35,2689.41,2174,2534,0
182109,9.021,9.015,9.000,9.000,9.000,9.000,0.000,67.25,0.6725,4.263,0.000,67.25,67.25,0.00,0,0,-3.37084,67.25,67.25,0.00,0,0,67.25,0.00,0.00,0.00,0.00,1.000,1.000,0.00,0,255.00,1,67.13,67.21,-0.09,9.015,9.015,4.259,4.215,0.007,0.000,0.002,67.25,67,-0.0924,12584,2383.98,2634.90,2184,2548,0
182238,9.028,9.016,9.000,9.000,9.000,9.000,0.000,67.22,0.6722,4.262,0.000,67.22,67.22,0.00,0,0,-3.36996,67.22,67.22,0.00,0,0,67.22,0.00,0.00,0.00,0.00,1.000,1.000,0.00,0,255.00,1,67.11,67.20,-0.09,9.016,9.016,4.259,4.202,0.014,0.000,0.002,67.22,67,-0.2122,9709,3089.92,2689.95,2194,2558,0
182338,9.019,9.014,9.000,9.000,9.000,9.000,0.000,67.23,0.6723,4.261,0.000,67.23,67.23,0.00,0,0,-3.36931,67.23,67.23,0.00,0,0,67.23,0.00,0.00,0.00,0.00,1.000,1.000,0.00,0,255.00,1,67.10,67.19,-0.08,9.014,9.014,4.257,4.221,0.006,0.000,0.002,67.23,67,0.3171,12344,2430.33,2596.49,2200,2562,0
182467,9.017,9.015,9.000,9.000,9.000,9.000,0.000,67.18,0.6718,4.257,0.000,67.18,67.18,0.00,0,0,-3.36782,67.18,67.18,0.00,0,0,67.18,0.00,0.00,0.00,0.00,1.000,1.000,0.00,0,255.00,1,66.98,67.07,-0.09,9.015,9.016,4.244,4.225,0.001,0.000,0.002,67.18,67,-0.1603,12260,2446.98,2531.17,2211,2582,0
182603,9.005,9.009,9.000,9.000,9.000,9.000,0.000,67.24,0.6724,4.257,0.000,67.24,67.24,0.00,0,0,-3.36708,67.24,67.24,0.00,0,0,67.24,0.00,0.00,0.00,0.00,1.000,1.000,0.00,0,255.00,1,67.13,67.18,-0.05,9.009,9.008,4.255,4.277,-0.004,-0.000,0.001,67.24,68,-0.4045,10653,2816.11,2583.59,2221,2593,0
182734,9.006,9.006,9.000,9.000,9.000,9.000,0.000,67.24,0.6724,4.258,0.000,67.24,67.24,0.00,0,0,-3.36530,67.24,67.24,0.00,0,0,67.24,0.00,0.00,0.00,0.00,1.000,1.000,0.00,0,255.00,1,67.25,67.28,-0.03,9.006,9.004,4.269,4.267,0.000,-0.000,0.000,67.24,67,0.1318,12635,2374.36,2401.32,2230,2599,0
182834,9.002,9.008,9.000,9.000,9.000,9.000,0.000,67.19,0.6719,4.256,0.000,67.19,67.19,0.00,0,0,-3.36457,67.19,67.19,0.00,0,0,67.19,0.00,0.00,0.00,0.00,1.000,1.000,0.00,0,255.00,1,67.13,67.18,-0.05,9.008,9.008,4.258,4.252,-0.007,0.000,0.001,67.19,67,0.4411,12521,2395.97,2455.32,2237,2605,0
182964,8.996,9.000,9.000,9.000,9.000,9.000,0.000,67.29,0.6729,4.257,0.000,67.29,67.29,0.00,0,0,-3.36412,67.29,67.29,0.00,0,0,67.29,0.00,0.00,0.00,0.00,1.000,1.000,0.00,0,255.00,1,67.30,67.29,0.00,8.999,8.998,4.267,4.329,-0.004,-0.000,0.000,67.29,67,0.1150,12112,2476.88,2425.60,2248,2616,0
183102,9.007,9.007,9.000,9.000,9.000,9.000,0.000,67.18,0.6718,4.256,0.000,67.18,67.18,0.00,0,0,-3.36313,67.18,67.18,0.00,0,0,67.18,0.00,0.00,0.00,0.00,1.000,1.000,0.00,0,255.00,1,67.15,67.19,-0.04,9.007,9.006,4.260,4.258,0.000,-0.000,0.000,67.18,67,-0.1903,13431,2233.64,2337.17,2258,2628,0
183230,9.025,9.017,9.000,9.000,9.000,9.000,0.000,67.02,0.6702,4.252,0.000,67.02,67.02,0.00,0,0,-3.36083,67.02,67.02,0.00,0,0,67.02,0.00,0.00,0.00,0.00,1.000,1.000,0.00,0,255.00,1,66.89,66.99,-0.10,9.017,9.017,4.245,4.167,0.009,0.000,0.002,67.02,67,0.0801,10097,2971.18,2933.64,2268,2636,0
183365,9.013,9.015,9.000,9.000,9.000,9.000,0.000,67.02,0.6702,4.249,0.000,67.02,67.02,0.00,0,0,-3.35950,67.02,67.02,0.00,0,0,67.02,0.00,0.00,0.00,0.00,1.000,1.000,0.00,0,255.00,1,66.81,66.90,-0.09,9.015,9.015,4.232,4.209,-0.002,0.000,0.002,67.02,67,0.1630,10217,2936.28,2868.37,2279,2647,0
183490,9.007,9.011,9.000,9.000,9.000,9.000,0.000,67.02,0.6702,4.244,0.000,67.02,67.02,0.00,0,0,-3.35715,67.02,67.02,0.00,0,0,67.02,0.00,0.00,0.00,0.00,1.000,1.000,0.00,0,255.00,1,66.83,66.90,-0.06,9.010,9.010,4.232,4.256,-0.004,-0.000,0.001,67.02,67,0.2263,11232,2670.94,2539.97,2289,2664,0
183626,8.987,8.998,9.000,9.000,9.000,9.000,0.000,67.16,0.6716,4.244,0.000,67.16,67.16,0.00,0,0,-3.35648,67.16,67.16,0.00,0,0,67.16,0.00,0.00,0.00,0.00,1.000,1.000,0.00,0,255.00,1,67.11,67.09,0.02,8.997,8.995,4.248,4.368,-0.011,-0.001,0.000,67.16,67,0.3602,10490,2859.87,2660.26,2298,2677,0
183755,8.995,9.001,9.000,9.000,9.000,9.000,0.000,67.11,0.6711,4.245,0.000,67.11,67.11,0.00,0,0,-3.35594,67.11,67.11,0.00,0,0,67.11,0.00,0.00,0.00,0.00,1.000,1.000,0.00,0,255.00,1,67.12,67.12,-0.00,9.001,8.999,4.257,4.318,-0.006,-0.000,0.000,67.11,68,-0.4880,13812,2172.02,2477.64,2309,2689,0
183892,9.021,9.011,9.000,9.000,9.000,9.000,0.000,66.96,0.6696,4.252,0.000,66.96,66.96,0.00,0,0,-3.35452,66.96,66.96,0.00,0,0,66.96,0.00,0.00,0.00,0.00,1.000,1.000,0.00,0,255.00,1,66.87,66.94,-0.07,9.012,9.013,4.243,4.155,0.011,0.000,0.001,66.96,67,-0.3591,11958,2508.78,2337.60,2316,2697,0
184021,9.010,9.012,9.000,9.000,9.000,9.000,0.000,66.93,0.6693,4.248,0.000,66.93,66.93,0.00,0,0,-3.35356,66.93,66.93,0.00,0,0,66.93,0.00,0.00,0.00,0.00,1.000,1.000,0.00,0,255.00,1,66.71,66.79,-0.08,9.013,9.014,4.224,4.176,-0.003,0.000,0.002,66.93,67,-0.4937,12025,2494.80,2520.00,2326,2708,0
184156,8.993,9.005,9.000,9.000,9.000,9.000,0.000,66.98,0.6698,4.244,0.000,66.98,66.98,0.00,0,0,-3.35232,66.98,66.98,0.00,0,0,66.98,0.00,0.00,0.00,0.00,1.000,1.000,0.00,0,255.00,1,66.71,66.75,-0.03,9.006,9.006,4.213,4.272,-0.014,-0.000,0.001,66.98,67,0.1821,12067,2486.12,2515.13,2337,2723,0
